step,start_pos,rotation,end_pos,passes,passes_cumulative
1,50,11,61,0,0
2,61,8,69,0,0
3,69,-47,22,0,0
4,22,-20,2,0,0
5,2,-25,77,1,1
6,77,-40,37,0,1
7,37,50,87,0,1
8,87,-44,43,0,1
9,43,-38,5,0,1
10,5,-32,73,1,2
11,73,-39,34,0,2
12,34,46,80,0,2
13,80,40,20,1,3
14,20,-13,7,0,3
15,7,48,55,0,3
16,55,20,75,0,3
17,75,-21,54,0,3
18,54,-46,8,0,3
19,8,-43,65,1,4
20,65,7,72,0,4
21,72,4,76,0,4
22,76,-38,38,0,4
23,38,30,68,0,4
24,68,22,90,0,4
25,90,-39,51,0,4
26,51,44,95,0,4
27,95,-11,84,0,4
28,84,18,2,1,5
29,2,-22,80,1,6
30,80,25,5,1,7
31,5,-14,91,1,8
32,91,-12,79,0,8
33,79,42,21,1,9
34,21,-37,84,1,10
35,84,40,24,1,11
36,24,-31,93,1,12
37,93,-40,53,0,12
38,53,2,55,0,12
39,55,22,77,0,12
40,77,-10,67,0,12
41,67,42,9,1,13
42,9,-37,72,1,14
43,72,-2,70,0,14
44,70,19,89,0,14
45,89,-50,39,0,14
46,39,39,78,0,14
47,78,20,98,0,14
48,98,-23,75,0,14
49,75,-41,34,0,14
50,34,-34,0,1,15
51,0,72,72,0,15
52,72,99,71,1,16
53,71,29,0,1,17
54,0,46,46,0,17
55,46,-46,0,1,18
56,0,23,23,0,18
57,23,-64,59,1,19
58,59,96,55,1,20
59,55,-19,36,0,20
60,36,-36,0,1,21
61,0,59,59,0,21
62,59,-59,0,1,22
63,0,58,58,0,22
64,58,-39,19,0,22
65,19,65,84,0,22
66,84,-47,37,0,22
67,37,-38,99,1,23
68,99,14,13,1,24
69,13,-57,56,1,25
70,56,-89,67,1,26
71,67,-92,75,1,27
72,75,84,59,1,28
73,59,-59,0,1,29
74,0,-40,60,0,29
75,60,62,22,1,30
76,22,-22,0,1,31
77,0,-41,59,0,31
78,59,-59,0,1,32
79,0,-61,39,0,32
80,39,-39,0,1,33
81,0,-2,98,0,33
82,98,42,40,1,34
83,40,60,0,1,35
84,0,-56,44,0,35
85,44,5,49,0,35
86,49,72,21,1,36
87,21,64,85,0,36
88,85,62,47,1,37
89,47,74,21,1,38
90,21,-21,0,1,39
91,0,88,88,0,39
92,88,-35,53,0,39
93,53,47,0,1,40
94,0,2,2,0,40
95,2,-45,57,1,41
96,57,-12,45,0,41
97,45,71,16,1,42
98,16,84,0,1,43
99,0,-51,49,0,43
100,49,-65,84,1,44
101,84,-6,78,0,44
102,78,-953,25,9,53
103,25,86,11,1,54
104,11,-11,0,1,55
105,0,22,22,0,55
106,22,-922,0,10,65
107,0,101,1,1,66
108,1,70,71,0,66
109,71,46,17,1,67
110,17,-72,45,1,68
111,45,-45,0,1,69
112,0,-78,22,0,69
113,22,-91,31,1,70
114,31,569,0,6,76
115,0,63,63,0,76
116,63,-28,35,0,76
117,35,-71,64,1,77
118,64,-30,34,0,77
119,34,-34,0,1,78
120,0,80,80,0,78
121,80,-80,0,1,79
122,0,-2,98,0,79
123,98,-70,28,0,79
124,28,-63,65,1,80
125,65,73,38,1,81
126,38,468,6,5,86
127,6,80,86,0,86
128,86,-42,44,0,86
129,44,66,10,1,87
130,10,-710,0,8,95
131,0,-76,24,0,95
132,24,94,18,1,96
133,18,886,4,9,105
134,4,90,94,0,105
135,94,326,20,4,109
136,20,-20,0,1,110
137,0,608,8,6,116
138,8,64,72,0,116
139,72,15,87,0,116
140,87,-33,54,0,116
141,54,746,0,8,124
142,0,-180,20,1,125
143,20,93,13,1,126
144,13,-957,56,10,136
145,56,33,89,0,136
146,89,-289,0,3,139
147,0,33,33,0,139
148,33,-48,85,1,140
149,85,-855,30,8,148
150,30,-30,0,1,149
151,0,469,69,4,153
152,69,-66,3,0,153
153,3,43,46,0,153
154,46,-25,21,0,153
155,21,-92,29,1,154
156,29,-54,75,1,155
157,75,-42,33,0,155
158,33,28,61,0,155
159,61,88,49,1,156
160,49,-39,10,0,156
161,10,70,80,0,156
162,80,20,0,1,157
163,0,-98,2,0,157
164,2,98,0,1,158
165,0,59,59,0,158
166,59,-47,12,0,158
167,12,-98,14,1,159
168,14,825,39,8,167
169,39,-39,0,1,168
170,0,1,1,0,168
171,1,98,99,0,168
172,99,51,50,1,169
173,50,-64,86,1,170
174,86,-45,41,0,170
175,41,-41,0,1,171
176,0,-48,52,0,171
177,52,48,0,1,172
178,0,211,11,2,174
179,11,-43,68,1,175
180,68,-946,22,9,184
181,22,-22,0,1,185
182,0,61,61,0,185
183,61,39,0,1,186
184,0,5,5,0,186
185,5,-68,37,1,187
186,37,-37,0,1,188
187,0,-97,3,0,188
188,3,-3,0,1,189
189,0,19,19,0,189
190,19,48,67,0,189
191,67,33,0,1,190
192,0,98,98,0,190
193,98,-81,17,0,190
194,17,83,0,1,191
195,0,40,40,0,191
196,40,-59,81,1,192
197,81,-981,0,10,202
198,0,37,37,0,202
199,37,-931,6,9,211
200,6,54,60,0,211
201,60,61,21,1,212
202,21,625,46,6,218
203,46,54,0,1,219
204,0,-471,29,4,223
205,29,1,30,0,223
206,30,9,39,0,223
207,39,69,8,1,224
208,8,92,0,1,225
209,0,84,84,0,225
210,84,41,25,1,226
211,25,75,0,1,227
212,0,-566,34,5,232
213,34,-34,0,1,233
214,0,-64,36,0,233
215,36,964,0,10,243
216,0,-291,9,2,245
217,9,-39,70,1,246
218,70,294,64,3,249
219,64,20,84,0,249
220,84,-70,14,0,249
221,14,-14,0,1,250
222,0,82,82,0,250
223,82,70,52,1,251
224,52,-52,0,1,252
225,0,-29,71,0,252
226,71,10,81,0,252
227,81,19,0,1,253
228,0,-369,31,3,256
229,31,-63,68,1,257
230,68,79,47,1,258
231,47,27,74,0,258
232,74,11,85,0,258
233,85,15,0,1,259
234,0,-79,21,0,259
235,21,12,33,0,259
236,33,-29,4,0,259
237,4,57,61,0,259
238,61,-43,18,0,259
239,18,7,25,0,259
240,25,42,67,0,259
241,67,556,23,6,265
242,23,-423,0,5,270
243,0,63,63,0,270
244,63,-22,41,0,270
245,41,-49,92,1,271
246,92,8,0,1,272
247,0,-15,85,0,272
248,85,28,13,1,273
249,13,-2,11,0,273
250,11,-11,0,1,274
251,0,174,74,1,275
252,74,27,1,1,276
253,1,-1,0,1,277
254,0,-52,48,0,277
255,48,748,96,7,284
256,96,-74,22,0,284
257,22,-47,75,1,285
258,75,43,18,1,286
259,18,61,79,0,286
260,79,-755,24,7,293
261,24,113,37,1,294
262,37,79,16,1,295
263,16,-24,92,1,296
264,92,-9,83,0,296
265,83,-83,0,1,297
266,0,35,35,0,297
267,35,-81,54,1,298
268,54,-54,0,1,299
269,0,231,31,2,301
270,31,38,69,0,301
271,69,77,46,1,302
272,46,44,90,0,302
273,90,-90,0,1,303
274,0,30,30,0,303
275,30,17,47,0,303
276,47,727,74,7,310
277,74,-74,0,1,311
278,0,46,46,0,311
279,46,367,13,4,315
280,13,10,23,0,315
281,23,-54,69,1,316
282,69,-32,37,0,316
283,37,-37,0,1,317
284,0,-1,99,0,317
285,99,-437,62,4,321
286,62,-90,72,1,322
287,72,-52,20,0,322
288,20,80,0,1,323
289,0,32,32,0,323
290,32,9,41,0,323
291,41,-60,81,1,324
292,81,873,54,9,333
293,54,965,19,10,343
294,19,-33,86,1,344
295,86,887,73,9,353
296,73,19,92,0,353
297,92,37,29,1,354
298,29,71,0,1,355
299,0,51,51,0,355
300,51,50,1,1,356
301,1,-1,0,1,357
302,0,868,68,8,365
303,68,32,0,1,366
304,0,94,94,0,366
305,94,89,83,1,367
306,83,255,38,3,370
307,38,-21,17,0,370
308,17,40,57,0,370
309,57,12,69,0,370
310,69,618,87,6,376
311,87,-87,0,1,377
312,0,36,36,0,377
313,36,864,0,9,386
314,0,-83,17,0,386
315,17,34,51,0,386
316,51,-51,0,1,387
317,0,-82,18,0,387
318,18,148,66,1,388
319,66,-692,74,7,395
320,74,14,88,0,395
321,88,-795,93,8,403
322,93,-11,82,0,403
323,82,-41,41,0,403
324,41,-41,0,1,404
325,0,47,47,0,404
326,47,81,28,1,405
327,28,8,36,0,405
328,36,-40,96,1,406
329,96,-96,0,1,407
330,0,525,25,5,412
331,25,-22,3,0,412
332,3,97,0,1,413
333,0,-839,61,8,421
334,61,-53,8,0,421
335,8,91,99,0,421
336,99,-99,0,1,422
337,0,-690,10,6,428
338,10,90,0,1,429
339,0,-99,1,0,429
340,1,20,21,0,429
341,21,22,43,0,429
342,43,-943,0,10,439
343,0,-28,72,0,439
344,72,50,22,1,440
345,22,-22,0,1,441
346,0,-86,14,0,441
347,14,-3,11,0,441
348,11,47,58,0,441
349,58,-12,46,0,441
350,46,82,28,1,442
351,28,-28,0,1,443
352,0,-816,84,8,451
353,84,16,0,1,452
354,0,-831,69,8,460
355,69,31,0,1,461
356,0,67,67,0,461
357,67,518,85,5,466
358,85,-28,57,0,466
359,57,-39,18,0,466
360,18,-18,0,1,467
361,0,15,15,0,467
362,15,-15,0,1,468
363,0,17,17,0,468
364,17,25,42,0,468
365,42,49,91,0,468
366,91,831,22,9,477
367,22,-89,33,1,478
368,33,-33,0,1,479
369,0,86,86,0,479
370,86,-28,58,0,479
371,58,-217,41,2,481
372,41,59,0,1,482
373,0,28,28,0,482
374,28,631,59,6,488
375,59,45,4,1,489
376,4,-4,0,1,490
377,0,14,14,0,490
378,14,25,39,0,490
379,39,-349,90,4,494
380,90,10,0,1,495
381,0,-89,11,0,495
382,11,-11,0,1,496
383,0,-54,46,0,496
384,46,91,37,1,497
385,37,3,40,0,497
386,40,93,33,1,498
387,33,67,0,1,499
388,0,64,64,0,499
389,64,-64,0,1,500
390,0,-99,1,0,500
391,1,882,83,8,508
392,83,-76,7,0,508
393,7,93,0,1,509
394,0,852,52,8,517
395,52,69,21,1,518
396,21,24,45,0,518
397,45,675,20,7,525
398,20,80,0,1,526
399,0,58,58,0,526
400,58,36,94,0,526
401,94,6,0,1,527
402,0,-37,63,0,527
403,63,-47,16,0,527
404,16,-48,68,1,528
405,68,32,0,1,529
406,0,-47,53,0,529
407,53,647,0,7,536
408,0,-836,64,8,544
409,64,-64,0,1,545
410,0,-62,38,0,545
411,38,-51,87,1,546
412,87,13,0,1,547
413,0,61,61,0,547
414,61,-361,0,4,551
415,0,-90,10,0,551
416,10,-69,41,1,552
417,41,368,9,4,556
418,9,91,0,1,557
419,0,40,40,0,557
420,40,-40,0,1,558
421,0,16,16,0,558
422,16,43,59,0,558
423,59,41,0,1,559
424,0,-73,27,0,559
425,27,-436,91,5,564
426,91,-65,26,0,564
427,26,-369,57,4,568
428,57,61,18,1,569
429,18,-18,0,1,570
430,0,67,67,0,570
431,67,-67,0,1,571
432,0,-229,71,2,573
433,71,61,32,1,574
434,32,4,36,0,574
435,36,-8,28,0,574
436,28,972,0,10,584
437,0,-53,47,0,584
438,47,-15,32,0,584
439,32,-32,0,1,585
440,0,-159,41,1,586
441,41,2,43,0,586
442,43,98,41,1,587
443,41,71,12,1,588
444,12,88,0,1,589
445,0,339,39,3,592
446,39,261,0,3,595
447,0,-375,25,3,598
448,25,-25,0,1,599
449,0,659,59,6,605
450,59,722,81,7,612
451,81,319,0,4,616
452,0,-660,40,6,622
453,40,-61,79,1,623
454,79,-61,18,0,623
455,18,82,0,1,624
456,0,-15,85,0,624
457,85,-76,9,0,624
458,9,26,35,0,624
459,35,-35,0,1,625
460,0,-22,78,0,625
461,78,-49,29,0,625
462,29,-3,26,0,625
463,26,74,0,1,626
464,0,-93,7,0,626
465,7,40,47,0,626
466,47,-34,13,0,626
467,13,-24,89,1,627
468,89,111,0,2,629
469,0,-32,68,0,629
470,68,-68,0,1,630
471,0,79,79,0,630
472,79,-149,30,1,631
473,30,-41,89,1,632
474,89,-34,55,0,632
475,55,87,42,1,633
476,42,58,0,1,634
477,0,145,45,1,635
478,45,-45,0,1,636
479,0,-62,38,0,636
480,38,-65,73,1,637
481,73,-13,60,0,637
482,60,-860,0,9,646
483,0,99,99,0,646
484,99,-99,0,1,647
485,0,9,9,0,647
486,9,-9,0,1,648
487,0,-54,46,0,648
488,46,54,0,1,649
489,0,-701,99,7,656
490,99,-99,0,1,657
491,0,215,15,2,659
492,15,51,66,0,659
493,66,19,85,0,659
494,85,-85,0,1,660
495,0,9,9,0,660
496,9,-9,0,1,661
497,0,551,51,5,666
498,51,58,9,1,667
499,9,97,6,1,668
500,6,-6,0,1,669
501,0,68,68,0,669
502,68,117,85,1,670
503,85,27,12,1,671
504,12,-12,0,1,672
505,0,-638,62,6,678
506,62,58,20,1,679
507,20,772,92,7,686
508,92,39,31,1,687
509,31,-31,0,1,688
510,0,-870,30,8,696
511,30,34,64,0,696
512,64,61,25,1,697
513,25,129,54,1,698
514,54,79,33,1,699
515,33,81,14,1,700
516,14,-814,0,9,709
517,0,30,30,0,709
518,30,74,4,1,710
519,4,310,14,3,713
520,14,-9,5,0,713
521,5,95,0,1,714
522,0,485,85,4,718
523,85,15,0,1,719
524,0,-65,35,0,719
525,35,-41,94,1,720
526,94,-394,0,4,724
527,0,27,27,0,724
528,27,73,0,1,725
529,0,-43,57,0,725
530,57,23,80,0,725
531,80,3,83,0,725
532,83,-83,0,1,726
533,0,173,73,1,727
534,73,-73,0,1,728
535,0,-46,54,0,728
536,54,78,32,1,729
537,32,-79,53,1,730
538,53,-53,0,1,731
539,0,10,10,0,731
540,10,90,0,1,732
541,0,86,86,0,732
542,86,14,0,1,733
543,0,-90,10,0,733
544,10,45,55,0,733
545,55,56,11,1,734
546,11,89,0,1,735
547,0,-60,40,0,735
548,40,-77,63,1,736
549,63,54,17,1,737
550,17,483,0,5,742
551,0,-62,38,0,742
552,38,-827,11,8,750
553,11,-54,57,1,751
554,57,-183,74,2,753
555,74,966,40,10,763
556,40,37,77,0,763
557,77,19,96,0,763
558,96,-40,56,0,763
559,56,-81,75,1,764
560,75,-75,0,1,765
561,0,3,3,0,765
562,3,-61,42,1,766
563,42,-460,82,5,771
564,82,807,89,8,779
565,89,-6,83,0,779
566,83,375,58,4,783
567,58,-258,0,3,786
568,0,36,36,0,786
569,36,54,90,0,786
570,90,-5,85,0,786
571,85,22,7,1,787
572,7,-11,96,1,788
573,96,-534,62,5,793
574,62,-45,17,0,793
575,17,-17,0,1,794
576,0,-165,35,1,795
577,35,-38,97,1,796
578,97,-190,7,1,797
579,7,61,68,0,797
580,68,32,0,1,798
581,0,490,90,4,802
582,90,-90,0,1,803
583,0,-4,96,0,803
584,96,-96,0,1,804
585,0,-52,48,0,804
586,48,426,74,4,808
587,74,8,82,0,808
588,82,18,0,1,809
589,0,-94,6,0,809
590,6,97,3,1,810
591,3,80,83,0,810
592,83,317,0,4,814
593,0,356,56,3,817
594,56,6,62,0,817
595,62,83,45,1,818
596,45,74,19,1,819
597,19,75,94,0,819
598,94,-34,60,0,819
599,60,89,49,1,820
600,49,-49,0,1,821
601,0,-46,54,0,821
602,54,-72,82,1,822
603,82,5,87,0,822
604,87,13,0,1,823
605,0,-857,43,8,831
606,43,-4,39,0,831
607,39,-37,2,0,831
608,2,-41,61,1,832
609,61,542,3,6,838
610,3,-814,89,9,847
611,89,-74,15,0,847
612,15,-7,8,0,847
613,8,313,21,3,850
614,21,21,42,0,850
615,42,-83,59,1,851
616,59,41,0,1,852
617,0,-30,70,0,852
618,70,88,58,1,853
619,58,75,33,1,854
620,33,353,86,3,857
621,86,-589,97,6,863
622,97,-97,0,1,864
623,0,-82,18,0,864
624,18,82,0,1,865
625,0,92,92,0,865
626,92,-75,17,0,865
627,17,-17,0,1,866
628,0,221,21,2,868
629,21,79,0,1,869
630,0,96,96,0,869
631,96,228,24,3,872
632,24,10,34,0,872
633,34,25,59,0,872
634,59,41,0,1,873
635,0,26,26,0,873
636,26,-32,94,1,874
637,94,-94,0,1,875
638,0,-46,54,0,875
639,54,-96,58,1,876
640,58,-5,53,0,876
641,53,57,10,1,877
642,10,-7,3,0,877
643,3,94,97,0,877
644,97,-20,77,0,877
645,77,-957,20,9,886
646,20,10,30,0,886
647,30,12,42,0,886
648,42,-87,55,1,887
649,55,26,81,0,887
650,81,19,0,1,888
651,0,69,69,0,888
652,69,31,0,1,889
653,0,39,39,0,889
654,39,-39,0,1,890
655,0,-50,50,0,890
656,50,-76,74,1,891
657,74,62,36,1,892
658,36,1,37,0,892
659,37,908,45,9,901
660,45,4,49,0,901
661,49,51,0,1,902
662,0,60,60,0,902
663,60,58,18,1,903
664,18,-18,0,1,904
665,0,503,3,5,909
666,3,-903,0,10,919
667,0,1,1,0,919
668,1,25,26,0,919
669,26,-54,72,1,920
670,72,97,69,1,921
671,69,31,0,1,922
672,0,98,98,0,922
673,98,-43,55,0,922
674,55,216,71,2,924
675,71,-71,0,1,925
676,0,-93,7,0,925
677,7,-17,90,1,926
678,90,98,88,1,927
679,88,261,49,3,930
680,49,3,52,0,930
681,52,-83,69,1,931
682,69,68,37,1,932
683,37,9,46,0,932
684,46,67,13,1,933
685,13,932,45,9,942
686,45,87,32,1,943
687,32,509,41,5,948
688,41,76,17,1,949
689,17,-949,68,10,959
690,68,32,0,1,960
691,0,607,7,6,966
692,7,55,62,0,966
693,62,-43,19,0,966
694,19,-19,0,1,967
695,0,-2,98,0,967
696,98,-45,53,0,967
697,53,-650,3,6,973
698,3,51,54,0,973
699,54,46,0,1,974
700,0,-15,85,0,974
701,85,-29,56,0,974
702,56,-56,0,1,975
703,0,34,34,0,975
704,34,-73,61,1,976
705,61,839,0,9,985
706,0,924,24,9,994
707,24,59,83,0,994
708,83,46,29,1,995
709,29,-7,22,0,995
710,22,-12,10,0,995
711,10,-70,40,1,996
712,40,-40,0,1,997
713,0,33,33,0,997
714,33,-33,0,1,998
715,0,35,35,0,998
716,35,265,0,3,1001
717,0,71,71,0,1001
718,71,-5,66,0,1001
719,66,-84,82,1,1002
720,82,18,0,1,1003
721,0,71,71,0,1003
722,71,29,0,1,1004
723,0,57,57,0,1004
724,57,947,4,10,1014
725,4,-4,0,1,1015
726,0,-42,58,0,1015
727,58,-58,0,1,1016
728,0,94,94,0,1016
729,94,23,17,1,1017
730,17,28,45,0,1017
731,45,-93,52,1,1018
732,52,16,68,0,1018
733,68,-835,33,8,1026
734,33,243,76,2,1028
735,76,42,18,1,1029
736,18,72,90,0,1029
737,90,-51,39,0,1029
738,39,-68,71,1,1030
739,71,58,29,1,1031
740,29,43,72,0,1031
741,72,14,86,0,1031
742,86,4,90,0,1031
743,90,-35,55,0,1031
744,55,-55,0,1,1032
745,0,38,38,0,1032
746,38,649,87,6,1038
747,87,59,46,1,1039
748,46,-50,96,1,1040
749,96,39,35,1,1041
750,35,65,0,1,1042
751,0,-1,99,0,1042
752,99,1,0,1,1043
753,0,-60,40,0,1043
754,40,-10,30,0,1043
755,30,81,11,1,1044
756,11,63,74,0,1044
757,74,73,47,1,1045
758,47,853,0,9,1054
759,0,89,89,0,1054
760,89,-35,54,0,1054
761,54,46,0,1,1055
762,0,41,41,0,1055
763,41,-223,18,2,1057
764,18,-67,51,1,1058
765,51,-83,68,1,1059
766,68,-96,72,1,1060
767,72,67,39,1,1061
768,39,-18,21,0,1061
769,21,-33,88,1,1062
770,88,12,0,1,1063
771,0,-745,55,7,1070
772,55,-16,39,0,1070
773,39,-339,0,4,1074
774,0,903,3,9,1083
775,3,18,21,0,1083
776,21,79,0,1,1084
777,0,69,69,0,1084
778,69,31,0,1,1085
779,0,36,36,0,1085
780,36,-536,0,6,1091
781,0,248,48,2,1093
782,48,44,92,0,1093
783,92,8,0,1,1094
784,0,-790,10,7,1101
785,10,94,4,1,1102
786,4,-55,49,1,1103
787,49,-12,37,0,1103
788,37,2,39,0,1103
789,39,-82,57,1,1104
790,57,44,1,1,1105
791,1,-801,0,9,1114
792,0,-897,3,8,1122
793,3,85,88,0,1122
794,88,83,71,1,1123
795,71,60,31,1,1124
796,31,40,71,0,1124
797,71,-71,0,1,1125
798,0,940,40,9,1134
799,40,49,89,0,1134
800,89,13,2,1,1135
801,2,98,0,1,1136
802,0,52,52,0,1136
803,52,843,95,8,1144
804,95,-589,6,5,1149
805,6,25,31,0,1149
806,31,76,7,1,1150
807,7,-7,0,1,1151
808,0,-61,39,0,1151
809,39,291,30,3,1154
810,30,-30,0,1,1155
811,0,73,73,0,1155
812,73,25,98,0,1155
813,98,-98,0,1,1156
814,0,88,88,0,1156
815,88,12,0,1,1157
816,0,-87,13,0,1157
817,13,-92,21,1,1158
818,21,-19,2,0,1158
819,2,-40,62,1,1159
820,62,-69,93,1,1160
821,93,919,12,10,1170
822,12,87,99,0,1170
823,99,-99,0,1,1171
824,0,55,55,0,1171
825,55,59,14,1,1172
826,14,3,17,0,1172
827,17,6,23,0,1172
828,23,563,86,5,1177
829,86,98,84,1,1178
830,84,30,14,1,1179
831,14,909,23,9,1188
832,23,37,60,0,1188
833,60,-57,3,0,1188
834,3,-36,67,1,1189
835,67,-84,83,1,1190
836,83,17,0,1,1191
837,0,819,19,8,1199
838,19,81,0,1,1200
839,0,59,59,0,1200
840,59,41,0,1,1201
841,0,-63,37,0,1201
842,37,-91,46,1,1202
843,46,-39,7,0,1202
844,7,-5,2,0,1202
845,2,-21,81,1,1203
846,81,-741,40,7,1210
847,40,667,7,7,1217
848,7,93,0,1,1218
849,0,38,38,0,1218
850,38,-25,13,0,1218
851,13,-37,76,1,1219
852,76,62,38,1,1220
853,38,75,13,1,1221
854,13,57,70,0,1221
855,70,34,4,1,1222
856,4,-4,0,1,1223
857,0,25,25,0,1223
858,25,23,48,0,1223
859,48,-46,2,0,1223
860,2,-96,6,1,1224
861,6,-6,0,1,1225
862,0,-829,71,8,1233
863,71,-53,18,0,1233
864,18,82,0,1,1234
865,0,23,23,0,1234
866,23,-24,99,1,1235
867,99,1,0,1,1236
868,0,85,85,0,1236
869,85,-5,80,0,1236
870,80,70,50,1,1237
871,50,28,78,0,1237
872,78,68,46,1,1238
873,46,-46,0,1,1239
874,0,655,55,6,1245
875,55,-55,0,1,1246
876,0,37,37,0,1246
877,37,82,19,1,1247
878,19,-219,0,3,1250
879,0,-33,67,0,1250
880,67,-81,86,1,1251
881,86,661,47,7,1258
882,47,44,91,0,1258
883,91,-91,0,1,1259
884,0,-37,63,0,1259
885,63,-4,59,0,1259
886,59,-576,83,6,1265
887,83,17,0,1,1266
888,0,740,40,7,1273
889,40,-85,55,1,1274
890,55,224,79,2,1276
891,79,-9,70,0,1276
892,70,648,18,7,1283
893,18,-94,24,1,1284
894,24,37,61,0,1284
895,61,39,0,1,1285
896,0,54,54,0,1285
897,54,-999,55,10,1295
898,55,91,46,1,1296
899,46,-17,29,0,1296
900,29,42,71,0,1296
901,71,-471,0,5,1301
902,0,-53,47,0,1301
903,47,-913,34,9,1310
904,34,-341,93,4,1314
905,93,-93,0,1,1315
906,0,40,40,0,1315
907,40,60,0,1,1316
908,0,11,11,0,1316
909,11,-25,86,1,1317
910,86,-486,0,5,1322
911,0,53,53,0,1322
912,53,76,29,1,1323
913,29,-19,10,0,1323
914,10,-70,40,1,1324
915,40,-95,45,1,1325
916,45,-45,0,1,1326
917,0,-48,52,0,1326
918,52,91,43,1,1327
919,43,62,5,1,1328
920,5,-7,98,1,1329
921,98,649,47,7,1336
922,47,99,46,1,1337
923,46,-56,90,1,1338
924,90,-27,63,0,1338
925,63,37,0,1,1339
926,0,-68,32,0,1339
927,32,187,19,2,1341
928,19,81,0,1,1342
929,0,-263,37,2,1344
930,37,-57,80,1,1345
931,80,8,88,0,1345
932,88,-22,66,0,1345
933,66,334,0,4,1349
934,0,-74,26,0,1349
935,26,-26,0,1,1350
936,0,-71,29,0,1350
937,29,34,63,0,1350
938,63,95,58,1,1351
939,58,-68,90,1,1352
940,90,-90,0,1,1353
941,0,457,57,4,1357
942,57,17,74,0,1357
943,74,796,70,8,1365
944,70,-70,0,1,1366
945,0,-13,87,0,1366
946,87,113,0,2,1368
947,0,-131,69,1,1369
948,69,31,0,1,1370
949,0,-39,61,0,1370
950,61,-72,89,1,1371
951,89,999,88,10,1381
952,88,-57,31,0,1381
953,31,-31,0,1,1382
954,0,-12,88,0,1382
955,88,-11,77,0,1382
956,77,-60,17,0,1382
957,17,83,0,1,1383
958,0,-429,71,4,1387
959,71,29,0,1,1388
960,0,-39,61,0,1388
961,61,12,73,0,1388
962,73,427,0,5,1393
963,0,445,45,4,1397
964,45,84,29,1,1398
965,29,751,80,7,1405
966,80,-29,51,0,1405
967,51,8,59,0,1405
968,59,78,37,1,1406
969,37,-68,69,1,1407
970,69,-69,0,1,1408
971,0,8,8,0,1408
972,8,689,97,6,1414
973,97,-583,14,5,1419
974,14,886,0,9,1428
975,0,-41,59,0,1428
976,59,-31,28,0,1428
977,28,79,7,1,1429
978,7,-27,80,1,1430
979,80,27,7,1,1431
980,7,93,0,1,1432
981,0,46,46,0,1432
982,46,-91,55,1,1433
983,55,45,0,1,1434
984,0,55,55,0,1434
985,55,5,60,0,1434
986,60,-260,0,3,1437
987,0,-84,16,0,1437
988,16,-16,0,1,1438
989,0,-66,34,0,1438
990,34,-178,56,2,1440
991,56,13,69,0,1440
992,69,85,54,1,1441
993,54,-70,84,1,1442
994,84,14,98,0,1442
995,98,-402,96,4,1446
996,96,904,0,10,1456
997,0,-954,46,9,1465
998,46,-319,27,3,1468
999,27,-50,77,1,1469
1000,77,-85,92,1,1470
1001,92,769,61,8,1478
1002,61,58,19,1,1479
1003,19,81,0,1,1480
1004,0,96,96,0,1480
1005,96,4,0,1,1481
1006,0,33,33,0,1481
1007,33,-96,37,1,1482
1008,37,63,0,1,1483
1009,0,22,22,0,1483
1010,22,-5,17,0,1483
1011,17,783,0,8,1491
1012,0,834,34,8,1499
1013,34,-40,94,1,1500
1014,94,45,39,1,1501
1015,39,961,0,10,1511
1016,0,35,35,0,1511
1017,35,-35,0,1,1512
1018,0,-996,4,9,1521
1019,4,-365,39,4,1525
1020,39,61,0,1,1526
1021,0,-730,70,7,1533
1022,70,896,66,9,1542
1023,66,-74,92,1,1543
1024,92,49,41,1,1544
1025,41,-76,65,1,1545
1026,65,92,57,1,1546
1027,57,-57,0,1,1547
1028,0,501,1,5,1552
1029,1,-59,42,1,1553
1030,42,12,54,0,1553
1031,54,46,0,1,1554
1032,0,89,89,0,1554
1033,89,-67,22,0,1554
1034,22,-22,0,1,1555
1035,0,-37,63,0,1555
1036,63,-263,0,3,1558
1037,0,-32,68,0,1558
1038,68,-924,44,9,1567
1039,44,47,91,0,1567
1040,91,129,20,2,1569
1041,20,-42,78,1,1570
1042,78,-78,0,1,1571
1043,0,53,53,0,1571
1044,53,805,58,8,1579
1045,58,-58,0,1,1580
1046,0,-71,29,0,1580
1047,29,74,3,1,1581
1048,3,-3,0,1,1582
1049,0,-79,21,0,1582
1050,21,-46,75,1,1583
1051,75,-33,42,0,1583
1052,42,58,0,1,1584
1053,0,62,62,0,1584
1054,62,884,46,9,1593
1055,46,2,48,0,1593
1056,48,52,0,1,1594
1057,0,775,75,7,1601
1058,75,-75,0,1,1602
1059,0,87,87,0,1602
1060,87,39,26,1,1603
1061,26,27,53,0,1603
1062,53,47,0,1,1604
1063,0,13,13,0,1604
1064,13,-61,52,1,1605
1065,52,360,12,4,1609
1066,12,-43,69,1,1610
1067,69,51,20,1,1611
1068,20,-562,58,6,1617
1069,58,-92,66,1,1618
1070,66,-269,97,3,1621
1071,97,-71,26,0,1621
1072,26,-26,0,1,1622
1073,0,482,82,4,1626
1074,82,-65,17,0,1626
1075,17,-117,0,2,1628
1076,0,174,74,1,1629
1077,74,7,81,0,1629
1078,81,-9,72,0,1629
1079,72,-23,49,0,1629
1080,49,53,2,1,1630
1081,2,97,99,0,1630
1082,99,-409,90,4,1634
1083,90,10,0,1,1635
1084,0,-759,41,7,1642
1085,41,240,81,2,1644
1086,81,19,0,1,1645
1087,0,93,93,0,1645
1088,93,-972,21,9,1654
1089,21,-66,55,1,1655
1090,55,83,38,1,1656
1091,38,-38,0,1,1657
1092,0,-54,46,0,1657
1093,46,54,0,1,1658
1094,0,861,61,8,1666
1095,61,-94,67,1,1667
1096,67,132,99,1,1668
1097,99,1,0,1,1669
1098,0,-96,4,0,1669
1099,4,-4,0,1,1670
1100,0,-42,58,0,1670
1101,58,342,0,4,1674
1102,0,-7,93,0,1674
1103,93,-93,0,1,1675
1104,0,10,10,0,1675
1105,10,76,86,0,1675
1106,86,-75,11,0,1675
1107,11,48,59,0,1675
1108,59,56,15,1,1676
1109,15,492,7,5,1681
1110,7,-327,80,4,1685
1111,80,20,0,1,1686
1112,0,911,11,9,1695
1113,11,-11,0,1,1696
1114,0,49,49,0,1696
1115,49,76,25,1,1697
1116,25,75,0,1,1698
1117,0,-193,7,1,1699
1118,7,-46,61,1,1700
1119,61,12,73,0,1700
1120,73,-59,14,0,1700
1121,14,-14,0,1,1701
1122,0,95,95,0,1701
1123,95,24,19,1,1702
1124,19,91,10,1,1703
1125,10,46,56,0,1703
1126,56,44,0,1,1704
1127,0,-83,17,0,1704
1128,17,-17,0,1,1705
1129,0,439,39,4,1709
1130,39,-473,66,5,1714
1131,66,-19,47,0,1714
1132,47,-47,0,1,1715
1133,0,57,57,0,1715
1134,57,-36,21,0,1715
1135,21,83,4,1,1716
1136,4,-626,78,7,1723
1137,78,62,40,1,1724
1138,40,28,68,0,1724
1139,68,233,1,3,1727
1140,1,23,24,0,1727
1141,24,-24,0,1,1728
1142,0,64,64,0,1728
1143,64,-40,24,0,1728
1144,24,22,46,0,1728
1145,46,92,38,1,1729
1146,38,43,81,0,1729
1147,81,58,39,1,1730
1148,39,61,0,1,1731
1149,0,41,41,0,1731
1150,41,459,0,5,1736
1151,0,77,77,0,1736
1152,77,-77,0,1,1737
1153,0,13,13,0,1737
1154,13,871,84,8,1745
1155,84,-761,23,7,1752
1156,23,-223,0,3,1755
1157,0,-72,28,0,1755
1158,28,72,0,1,1756
1159,0,-54,46,0,1756
1160,46,-46,0,1,1757
1161,0,12,12,0,1757
1162,12,-12,0,1,1758
1163,0,-69,31,0,1758
1164,31,-10,21,0,1758
1165,21,-34,87,1,1759
1166,87,-60,27,0,1759
1167,27,-62,65,1,1760
1168,65,35,0,1,1761
1169,0,-20,80,0,1761
1170,80,-72,8,0,1761
1171,8,92,0,1,1762
1172,0,92,92,0,1762
1173,92,-92,0,1,1763
1174,0,19,19,0,1763
1175,19,-19,0,1,1764
1176,0,-9,91,0,1764
1177,91,177,68,2,1766
1178,68,95,63,1,1767
1179,63,29,92,0,1767
1180,92,-53,39,0,1767
1181,39,261,0,3,1770
1182,0,73,73,0,1770
1183,73,-73,0,1,1771
1184,0,-70,30,0,1771
1185,30,74,4,1,1772
1186,4,-28,76,1,1773
1187,76,-76,0,1,1774
1188,0,62,62,0,1774
1189,62,738,0,8,1782
1190,0,46,46,0,1782
1191,46,71,17,1,1783
1192,17,28,45,0,1783
1193,45,-87,58,1,1784
1194,58,68,26,1,1785
1195,26,85,11,1,1786
1196,11,-89,22,1,1787
1197,22,23,45,0,1787
1198,45,155,0,2,1789
1199,0,-39,61,0,1789
1200,61,-49,12,0,1789
1201,12,-12,0,1,1790
1202,0,48,48,0,1790
1203,48,-86,62,1,1791
1204,62,-10,52,0,1791
1205,52,-917,35,9,1800
1206,35,24,59,0,1800
1207,59,-49,10,0,1800
1208,10,19,29,0,1800
1209,29,-49,80,1,1801
1210,80,-80,0,1,1802
1211,0,32,32,0,1802
1212,32,-40,92,1,1803
1213,92,86,78,1,1804
1214,78,522,0,6,1810
1215,0,-29,71,0,1810
1216,71,-17,54,0,1810
1217,54,421,75,4,1814
1218,75,544,19,6,1820
1219,19,739,58,7,1827
1220,58,-28,30,0,1827
1221,30,-33,97,1,1828
1222,97,-90,7,0,1828
1223,7,-74,33,1,1829
1224,33,18,51,0,1829
1225,51,23,74,0,1829
1226,74,98,72,1,1830
1227,72,-8,64,0,1830
1228,64,-90,74,1,1831
1229,74,26,0,1,1832
1230,0,59,59,0,1832
1231,59,-59,0,1,1833
1232,0,-37,63,0,1833
1233,63,65,28,1,1834
1234,28,1,29,0,1834
1235,29,-29,0,1,1835
1236,0,30,30,0,1835
1237,30,74,4,1,1836
1238,4,596,0,6,1842
1239,0,73,73,0,1842
1240,73,-73,0,1,1843
1241,0,78,78,0,1843
1242,78,-86,92,1,1844
1243,92,-16,76,0,1844
1244,76,-476,0,5,1849
1245,0,37,37,0,1849
1246,37,-37,0,1,1850
1247,0,23,23,0,1850
1248,23,-23,0,1,1851
1249,0,27,27,0,1851
1250,27,4,31,0,1851
1251,31,69,0,1,1852
1252,0,-46,54,0,1852
1253,54,-54,0,1,1853
1254,0,-87,13,0,1853
1255,13,-26,87,1,1854
1256,87,-54,33,0,1854
1257,33,55,88,0,1854
1258,88,-78,10,0,1854
1259,10,-10,0,1,1855
1260,0,-80,20,0,1855
1261,20,-871,49,9,1864
1262,49,-90,59,1,1865
1263,59,-48,11,0,1865
1264,11,82,93,0,1865
1265,93,-63,30,0,1865
1266,30,-630,0,7,1872
1267,0,-7,93,0,1872
1268,93,607,0,7,1879
1269,0,27,27,0,1879
1270,27,-7,20,0,1879
1271,20,-202,18,2,1881
1272,18,72,90,0,1881
1273,90,810,0,9,1890
1274,0,-233,67,2,1892
1275,67,571,38,6,1898
1276,38,-38,0,1,1899
1277,0,74,74,0,1899
1278,74,26,0,1,1900
1279,0,-2,98,0,1900
1280,98,94,92,1,1901
1281,92,8,0,1,1902
1282,0,-47,53,0,1902
1283,53,47,0,1,1903
1284,0,46,46,0,1903
1285,46,-65,81,1,1904
1286,81,19,0,1,1905
1287,0,579,79,5,1910
1288,79,-79,0,1,1911
1289,0,-445,55,4,1915
1290,55,-481,74,5,1920
1291,74,-93,81,1,1921
1292,81,-796,85,8,1929
1293,85,15,0,1,1930
1294,0,-127,73,1,1931
1295,73,-91,82,1,1932
1296,82,80,62,1,1933
1297,62,-15,47,0,1933
1298,47,-95,52,1,1934
1299,52,-57,95,1,1935
1300,95,51,46,1,1936
1301,46,3,49,0,1936
1302,49,51,0,1,1937
1303,0,-20,80,0,1937
1304,80,95,75,1,1938
1305,75,1,76,0,1938
1306,76,-863,13,8,1946
1307,13,-13,0,1,1947
1308,0,-680,20,6,1953
1309,20,55,75,0,1953
1310,75,-175,0,2,1955
1311,0,-47,53,0,1955
1312,53,47,0,1,1956
1313,0,-899,1,8,1964
1314,1,-796,5,8,1972
1315,5,-605,0,7,1979
1316,0,516,16,5,1984
1317,16,112,28,1,1985
1318,28,79,7,1,1986
1319,7,54,61,0,1986
1320,61,-9,52,0,1986
1321,52,-52,0,1,1987
1322,0,-45,55,0,1987
1323,55,73,28,1,1988
1324,28,576,4,6,1994
1325,4,96,0,1,1995
1326,0,-15,85,0,1995
1327,85,794,79,8,2003
1328,79,71,50,1,2004
1329,50,650,0,7,2011
1330,0,-45,55,0,2011
1331,55,-207,48,2,2013
1332,48,-78,70,1,2014
1333,70,2,72,0,2014
1334,72,-72,0,1,2015
1335,0,83,83,0,2015
1336,83,-7,76,0,2015
1337,76,-71,5,0,2015
1338,5,-5,0,1,2016
1339,0,-390,10,3,2019
1340,10,-38,72,1,2020
1341,72,28,0,1,2021
1342,0,90,90,0,2021
1343,90,-90,0,1,2022
1344,0,38,38,0,2022
1345,38,62,0,1,2023
1346,0,93,93,0,2023
1347,93,-40,53,0,2023
1348,53,62,15,1,2024
1349,15,236,51,2,2026
1350,51,49,0,1,2027
1351,0,924,24,9,2036
1352,24,-27,97,1,2037
1353,97,-60,37,0,2037
1354,37,-37,0,1,2038
1355,0,63,63,0,2038
1356,63,-63,0,1,2039
1357,0,12,12,0,2039
1358,12,-36,76,1,2040
1359,76,24,0,1,2041
1360,0,30,30,0,2041
1361,30,-630,0,7,2048
1362,0,-12,88,0,2048
1363,88,62,50,1,2049
1364,50,586,36,6,2055
1365,36,-263,73,3,2058
1366,73,-73,0,1,2059
1367,0,4,4,0,2059
1368,4,-404,0,5,2064
1369,0,2,2,0,2064
1370,2,-67,35,1,2065
1371,35,65,0,1,2066
1372,0,69,69,0,2066
1373,69,87,56,1,2067
1374,56,593,49,6,2073
1375,49,-47,2,0,2073
1376,2,22,24,0,2073
1377,24,-16,8,0,2073
1378,8,-55,53,1,2074
1379,53,52,5,1,2075
1380,5,89,94,0,2075
1381,94,6,0,1,2076
1382,0,283,83,2,2078
1383,83,-24,59,0,2078
1384,59,555,14,6,2084
1385,14,86,0,1,2085
1386,0,93,93,0,2085
1387,93,13,6,1,2086
1388,6,-62,44,1,2087
1389,44,-82,62,1,2088
1390,62,-62,0,1,2089
1391,0,22,22,0,2089
1392,22,30,52,0,2089
1393,52,48,0,1,2090
1394,0,42,42,0,2090
1395,42,-8,34,0,2090
1396,34,-34,0,1,2091
1397,0,-6,94,0,2091
1398,94,397,91,4,2095
1399,91,-78,13,0,2095
1400,13,87,0,1,2096
1401,0,231,31,2,2098
1402,31,69,0,1,2099
1403,0,-35,65,0,2099
1404,65,568,33,6,2105
1405,33,-5,28,0,2105
1406,28,72,0,1,2106
1407,0,60,60,0,2106
1408,60,99,59,1,2107
1409,59,-340,19,3,2110
1410,19,81,0,1,2111
1411,0,76,76,0,2111
1412,76,-176,0,2,2113
1413,0,14,14,0,2113
1414,14,-58,56,1,2114
1415,56,44,0,1,2115
1416,0,-86,14,0,2115
1417,14,52,66,0,2115
1418,66,-66,0,1,2116
1419,0,667,67,6,2122
1420,67,31,98,0,2122
1421,98,2,0,1,2123
1422,0,863,63,8,2131
1423,63,12,75,0,2131
1424,75,-75,0,1,2132
1425,0,-79,21,0,2132
1426,21,67,88,0,2132
1427,88,726,14,8,2140
1428,14,86,0,1,2141
1429,0,72,72,0,2141
1430,72,-72,0,1,2142
1431,0,35,35,0,2142
1432,35,-86,49,1,2143
1433,49,-32,17,0,2143
1434,17,24,41,0,2143
1435,41,-30,11,0,2143
1436,11,-96,15,1,2144
1437,15,-235,80,3,2147
1438,80,57,37,1,2148
1439,37,28,65,0,2148
1440,65,17,82,0,2148
1441,82,27,9,1,2149
1442,9,91,0,1,2150
1443,0,-10,90,0,2150
1444,90,-90,0,1,2151
1445,0,-918,82,9,2160
1446,82,-17,65,0,2160
1447,65,-30,35,0,2160
1448,35,21,56,0,2160
1449,56,16,72,0,2160
1450,72,28,0,1,2161
1451,0,-818,82,8,2169
1452,82,-48,34,0,2169
1453,34,-1,33,0,2169
1454,33,-92,41,1,2170
1455,41,-41,0,1,2171
1456,0,19,19,0,2171
1457,19,-724,95,8,2179
1458,95,-77,18,0,2179
1459,18,-96,22,1,2180
1460,22,47,69,0,2180
1461,69,-669,0,7,2187
1462,0,-9,91,0,2187
1463,91,-43,48,0,2187
1464,48,47,95,0,2187
1465,95,5,0,1,2188
1466,0,14,14,0,2188
1467,14,655,69,6,2194
1468,69,26,95,0,2194
1469,95,-62,33,0,2194
1470,33,88,21,1,2195
1471,21,-25,96,1,2196
1472,96,-57,39,0,2196
1473,39,-39,0,1,2197
1474,0,-72,28,0,2197
1475,28,72,0,1,2198
1476,0,46,46,0,2198
1477,46,-77,69,1,2199
1478,69,61,30,1,2200
1479,30,34,64,0,2200
1480,64,20,84,0,2200
1481,84,-84,0,1,2201
1482,0,71,71,0,2201
1483,71,-71,0,1,2202
1484,0,45,45,0,2202
1485,45,-83,62,1,2203
1486,62,57,19,1,2204
1487,19,-527,92,6,2210
1488,92,-39,53,0,2210
1489,53,-69,84,1,2211
1490,84,-72,12,0,2211
1491,12,88,0,1,2212
1492,0,-52,48,0,2212
1493,48,752,0,8,2220
1494,0,-21,79,0,2220
1495,79,-94,85,1,2221
1496,85,629,14,7,2228
1497,14,-11,3,0,2228
1498,3,97,0,1,2229
1499,0,62,62,0,2229
1500,62,-62,0,1,2230
1501,0,53,53,0,2230
1502,53,-80,73,1,2231
1503,73,-77,96,1,2232
1504,96,-89,7,0,2232
1505,7,737,44,7,2239
1506,44,-89,55,1,2240
1507,55,24,79,0,2240
1508,79,62,41,1,2241
1509,41,-72,69,1,2242
1510,69,31,0,1,2243
1511,0,-86,14,0,2243
1512,14,86,0,1,2244
1513,0,-499,1,4,2248
1514,1,-67,34,1,2249
1515,34,-6,28,0,2249
1516,28,-96,32,1,2250
1517,32,-87,45,1,2251
1518,45,-8,37,0,2251
1519,37,-61,76,1,2252
1520,76,-29,47,0,2252
1521,47,93,40,1,2253
1522,40,-27,13,0,2253
1523,13,61,74,0,2253
1524,74,26,0,1,2254
1525,0,67,67,0,2254
1526,67,33,0,1,2255
1527,0,782,82,7,2262
1528,82,-963,19,9,2271
1529,19,16,35,0,2271
1530,35,804,39,8,2279
1531,39,-91,48,1,2280
1532,48,82,30,1,2281
1533,30,46,76,0,2281
1534,76,-871,5,8,2289
1535,5,95,0,1,2290
1536,0,586,86,5,2295
1537,86,14,0,1,2296
1538,0,19,19,0,2296
1539,19,60,79,0,2296
1540,79,-24,55,0,2296
1541,55,-55,0,1,2297
1542,0,58,58,0,2297
1543,58,-69,89,1,2298
1544,89,12,1,1,2299
1545,1,99,0,1,2300
1546,0,-54,46,0,2300
1547,46,-840,6,8,2308
1548,6,298,4,3,2311
1549,4,76,80,0,2311
1550,80,-62,18,0,2311
1551,18,-8,10,0,2311
1552,10,-78,32,1,2312
1553,32,-89,43,1,2313
1554,43,-43,0,1,2314
1555,0,80,80,0,2314
1556,80,-64,16,0,2314
1557,16,7,23,0,2314
1558,23,-54,69,1,2315
1559,69,89,58,1,2316
1560,58,942,0,10,2326
1561,0,-44,56,0,2326
1562,56,-56,0,1,2327
1563,0,83,83,0,2327
1564,83,-65,18,0,2327
1565,18,-64,54,1,2328
1566,54,-65,89,1,2329
1567,89,-569,20,5,2334
1568,20,-753,67,8,2342
1569,67,-767,0,8,2350
1570,0,26,26,0,2350
1571,26,90,16,1,2351
1572,16,84,0,1,2352
1573,0,43,43,0,2352
1574,43,57,0,1,2353
1575,0,56,56,0,2353
1576,56,-56,0,1,2354
1577,0,93,93,0,2354
1578,93,866,59,9,2363
1579,59,-479,80,5,2368
1580,80,-80,0,1,2369
1581,0,403,3,4,2373
1582,3,-754,49,8,2381
1583,49,629,78,6,2387
1584,78,222,0,3,2390
1585,0,237,37,2,2392
1586,37,63,0,1,2393
1587,0,-92,8,0,2393
1588,8,-8,0,1,2394
1589,0,-64,36,0,2394
1590,36,85,21,1,2395
1591,21,-21,0,1,2396
1592,0,61,61,0,2396
1593,61,39,0,1,2397
1594,0,-312,88,3,2400
1595,88,94,82,1,2401
1596,82,-82,0,1,2402
1597,0,85,85,0,2402
1598,85,-63,22,0,2402
1599,22,91,13,1,2403
1600,13,-13,0,1,2404
1601,0,13,13,0,2404
1602,13,76,89,0,2404
1603,89,11,0,1,2405
1604,0,-419,81,4,2409
1605,81,55,36,1,2410
1606,36,89,25,1,2411
1607,25,11,36,0,2411
1608,36,80,16,1,2412
1609,16,84,0,1,2413
1610,0,73,73,0,2413
1611,73,-98,75,1,2414
1612,75,25,0,1,2415
1613,0,-253,47,2,2417
1614,47,-17,30,0,2417
1615,30,-37,93,1,2418
1616,93,-42,51,0,2418
1617,51,-769,82,8,2426
1618,82,87,69,1,2427
1619,69,5,74,0,2427
1620,74,68,42,1,2428
1621,42,64,6,1,2429
1622,6,50,56,0,2429
1623,56,12,68,0,2429
1624,68,66,34,1,2430
1625,34,66,0,1,2431
1626,0,-69,31,0,2431
1627,31,69,0,1,2432
1628,0,-601,99,6,2438
1629,99,-99,0,1,2439
1630,0,-16,84,0,2439
1631,84,-27,57,0,2439
1632,57,25,82,0,2439
1633,82,-64,18,0,2439
1634,18,427,45,4,2443
1635,45,-71,74,1,2444
1636,74,-66,8,0,2444
1637,8,25,33,0,2444
1638,33,-2,31,0,2444
1639,31,-631,0,7,2451
1640,0,353,53,3,2454
1641,53,52,5,1,2455
1642,5,-86,19,1,2456
1643,19,49,68,0,2456
1644,68,32,0,1,2457
1645,0,-235,65,2,2459
1646,65,72,37,1,2460
1647,37,-84,53,1,2461
1648,53,-71,82,1,2462
1649,82,73,55,1,2463
1650,55,345,0,4,2467
1651,0,75,75,0,2467
1652,75,6,81,0,2467
1653,81,19,0,1,2468
1654,0,-15,85,0,2468
1655,85,54,39,1,2469
1656,39,4,43,0,2469
1657,43,6,49,0,2469
1658,49,66,15,1,2470
1659,15,-15,0,1,2471
1660,0,-45,55,0,2471
1661,55,696,51,7,2478
1662,51,362,13,4,2482
1663,13,-13,0,1,2483
1664,0,44,44,0,2483
1665,44,181,25,2,2485
1666,25,95,20,1,2486
1667,20,80,0,1,2487
1668,0,745,45,7,2494
1669,45,55,0,1,2495
1670,0,-77,23,0,2495
1671,23,77,0,1,2496
1672,0,-55,45,0,2496
1673,45,9,54,0,2496
1674,54,746,0,8,2504
1675,0,221,21,2,2506
1676,21,239,60,2,2508
1677,60,40,0,1,2509
1678,0,-74,26,0,2509
1679,26,-26,0,1,2510
1680,0,-6,94,0,2510
1681,94,37,31,1,2511
1682,31,-90,41,1,2512
1683,41,-48,93,1,2513
1684,93,921,14,10,2523
1685,14,86,0,1,2524
1686,0,668,68,6,2530
1687,68,43,11,1,2531
1688,11,89,0,1,2532
1689,0,909,9,9,2541
1690,9,-26,83,1,2542
1691,83,17,0,1,2543
1692,0,-83,17,0,2543
1693,17,-10,7,0,2543
1694,7,93,0,1,2544
1695,0,-54,46,0,2544
1696,46,-65,81,1,2545
1697,81,19,0,1,2546
1698,0,-44,56,0,2546
1699,56,-90,66,1,2547
1700,66,-70,96,1,2548
1701,96,-84,12,0,2548
1702,12,23,35,0,2548
1703,35,55,90,0,2548
1704,90,-39,51,0,2548
1705,51,-72,79,1,2549
1706,79,21,0,1,2550
1707,0,53,53,0,2550
1708,53,-553,0,6,2556
1709,0,-98,2,0,2556
1710,2,-68,34,1,2557
1711,34,93,27,1,2558
1712,27,73,0,1,2559
1713,0,-15,85,0,2559
1714,85,15,0,1,2560
1715,0,-36,64,0,2560
1716,64,92,56,1,2561
1717,56,-52,4,0,2561
1718,4,-4,0,1,2562
1719,0,-62,38,0,2562
1720,38,936,74,9,2571
1721,74,-174,0,2,2573
1722,0,81,81,0,2573
1723,81,60,41,1,2574
1724,41,59,0,1,2575
1725,0,98,98,0,2575
1726,98,-54,44,0,2575
1727,44,-68,76,1,2576
1728,76,-576,0,6,2582
1729,0,56,56,0,2582
1730,56,-31,25,0,2582
1731,25,-25,0,1,2583
1732,0,885,85,8,2591
1733,85,-31,54,0,2591
1734,54,46,0,1,2592
1735,0,-69,31,0,2592
1736,31,-77,54,1,2593
1737,54,-60,94,1,2594
1738,94,-686,8,6,2600
1739,8,-8,0,1,2601
1740,0,4,4,0,2601
1741,4,20,24,0,2601
1742,24,86,10,1,2602
1743,10,-43,67,1,2603
1744,67,81,48,1,2604
1745,48,52,0,1,2605
1746,0,50,50,0,2605
1747,50,35,85,0,2605
1748,85,-785,0,8,2613
1749,0,-15,85,0,2613
1750,85,88,73,1,2614
1751,73,-73,0,1,2615
1752,0,14,14,0,2615
1753,14,495,9,5,2620
1754,9,-63,46,1,2621
1755,46,54,0,1,2622
1756,0,80,80,0,2622
1757,80,-23,57,0,2622
1758,57,93,50,1,2623
1759,50,-29,21,0,2623
1760,21,726,47,7,2630
1761,47,-812,35,8,2638
1762,35,-66,69,1,2639
1763,69,2,71,0,2639
1764,71,24,95,0,2639
1765,95,5,0,1,2640
1766,0,-67,33,0,2640
1767,33,24,57,0,2640
1768,57,-29,28,0,2640
1769,28,7,35,0,2640
1770,35,79,14,1,2641
1771,14,-108,6,1,2642
1772,6,-422,84,5,2647
1773,84,314,98,3,2650
1774,98,-98,0,1,2651
1775,0,176,76,1,2652
1776,76,77,53,1,2653
1777,53,-25,28,0,2653
1778,28,35,63,0,2653
1779,63,725,88,7,2660
1780,88,56,44,1,2661
1781,44,-444,0,5,2666
1782,0,-81,19,0,2666
1783,19,-419,0,5,2671
1784,0,48,48,0,2671
1785,48,-19,29,0,2671
1786,29,-86,43,1,2672
1787,43,857,0,9,2681
1788,0,-57,43,0,2681
1789,43,15,58,0,2681
1790,58,-1,57,0,2681
1791,57,43,0,1,2682
1792,0,-42,58,0,2682
1793,58,-329,29,3,2685
1794,29,-82,47,1,2686
1795,47,-99,48,1,2687
1796,48,3,51,0,2687
1797,51,-97,54,1,2688
1798,54,-27,27,0,2688
1799,27,-40,87,1,2689
1800,87,-35,52,0,2689
1801,52,93,45,1,2690
1802,45,155,0,2,2692
1803,0,61,61,0,2692
1804,61,-11,50,0,2692
1805,50,-61,89,1,2693
1806,89,911,0,10,2703
1807,0,-60,40,0,2703
1808,40,87,27,1,2704
1809,27,-27,0,1,2705
1810,0,18,18,0,2705
1811,18,-84,34,1,2706
1812,34,-15,19,0,2706
1813,19,-70,49,1,2707
1814,49,-63,86,1,2708
1815,86,-386,0,4,2712
1816,0,44,44,0,2712
1817,44,-727,17,7,2719
1818,17,655,72,6,2725
1819,72,-72,0,1,2726
1820,0,5,5,0,2726
1821,5,61,66,0,2726
1822,66,-68,98,1,2727
1823,98,-21,77,0,2727
1824,77,-61,16,0,2727
1825,16,-39,77,1,2728
1826,77,23,0,1,2729
1827,0,-49,51,0,2729
1828,51,49,0,1,2730
1829,0,57,57,0,2730
1830,57,-76,81,1,2731
1831,81,3,84,0,2731
1832,84,97,81,1,2732
1833,81,19,0,1,2733
1834,0,-573,27,5,2738
1835,27,-27,0,1,2739
1836,0,357,57,3,2742
1837,57,543,0,6,2748
1838,0,-820,80,8,2756
1839,80,91,71,1,2757
1840,71,-71,0,1,2758
1841,0,95,95,0,2758
1842,95,-41,54,0,2758
1843,54,36,90,0,2758
1844,90,291,81,3,2761
1845,81,-881,0,9,2770
1846,0,97,97,0,2770
1847,97,3,0,1,2771
1848,0,47,47,0,2771
1849,47,-95,52,1,2772
1850,52,-54,98,1,2773
1851,98,-98,0,1,2774
1852,0,-43,57,0,2774
1853,57,-1,56,0,2774
1854,56,-56,0,1,2775
1855,0,-28,72,0,2775
1856,72,-572,0,6,2781
1857,0,30,30,0,2781
1858,30,70,0,1,2782
1859,0,-969,31,9,2791
1860,31,69,0,1,2792
1861,0,-73,27,0,2792
1862,27,73,0,1,2793
1863,0,-18,82,0,2793
1864,82,218,0,3,2796
1865,0,97,97,0,2796
1866,97,-344,53,3,2799
1867,53,-37,16,0,2799
1868,16,26,42,0,2799
1869,42,35,77,0,2799
1870,77,23,0,1,2800
1871,0,37,37,0,2800
1872,37,-85,52,1,2801
1873,52,37,89,0,2801
1874,89,11,0,1,2802
1875,0,-796,4,7,2809
1876,4,27,31,0,2809
1877,31,-56,75,1,2810
1878,75,-75,0,1,2811
1879,0,-29,71,0,2811
1880,71,29,0,1,2812
1881,0,10,10,0,2812
1882,10,-10,0,1,2813
1883,0,43,43,0,2813
1884,43,22,65,0,2813
1885,65,-65,0,1,2814
1886,0,-33,67,0,2814
1887,67,-60,7,0,2814
1888,7,64,71,0,2814
1889,71,-71,0,1,2815
1890,0,21,21,0,2815
1891,21,21,42,0,2815
1892,42,-942,0,10,2825
1893,0,77,77,0,2825
1894,77,74,51,1,2826
1895,51,-568,83,6,2832
1896,83,-83,0,1,2833
1897,0,-782,18,7,2840
1898,18,82,0,1,2841
1899,0,873,73,8,2849
1900,73,627,0,7,2856
1901,0,1,1,0,2856
1902,1,58,59,0,2856
1903,59,-59,0,1,2857
1904,0,14,14,0,2857
1905,14,9,23,0,2857
1906,23,69,92,0,2857
1907,92,41,33,1,2858
1908,33,-33,0,1,2859
1909,0,-731,69,7,2866
1910,69,31,0,1,2867
1911,0,-99,1,0,2867
1912,1,-41,60,1,2868
1913,60,45,5,1,2869
1914,5,-14,91,1,2870
1915,91,14,5,1,2871
1916,5,-5,0,1,2872
1917,0,84,84,0,2872
1918,84,59,43,1,2873
1919,43,-52,91,1,2874
1920,91,38,29,1,2875
1921,29,-962,67,10,2885
1922,67,-24,43,0,2885
1923,43,-88,55,1,2886
1924,55,-831,24,8,2894
1925,24,801,25,8,2902
1926,25,58,83,0,2902
1927,83,82,65,1,2903
1928,65,81,46,1,2904
1929,46,-12,34,0,2904
1930,34,66,0,1,2905
1931,0,-90,10,0,2905
1932,10,-10,0,1,2906
1933,0,-485,15,4,2910
1934,15,85,0,1,2911
1935,0,-38,62,0,2911
1936,62,23,85,0,2911
1937,85,-83,2,0,2911
1938,2,-402,0,5,2916
1939,0,35,35,0,2916
1940,35,802,37,8,2924
1941,37,-70,67,1,2925
1942,67,33,0,1,2926
1943,0,644,44,6,2932
1944,44,38,82,0,2932
1945,82,18,0,1,2933
1946,0,-19,81,0,2933
1947,81,-81,0,1,2934
1948,0,4,4,0,2934
1949,4,-89,15,1,2935
1950,15,-327,88,4,2939
1951,88,28,16,1,2940
1952,16,-3,13,0,2940
1953,13,76,89,0,2940
1954,89,-36,53,0,2940
1955,53,64,17,1,2941
1956,17,-77,40,1,2942
1957,40,-45,95,1,2943
1958,95,-45,50,0,2943
1959,50,-241,9,2,2945
1960,9,14,23,0,2945
1961,23,-46,77,1,2946
1962,77,-277,0,3,2949
1963,0,345,45,3,2952
1964,45,17,62,0,2952
1965,62,-62,0,1,2953
1966,0,-945,55,9,2962
1967,55,-55,0,1,2963
1968,0,91,91,0,2963
1969,91,-56,35,0,2963
1970,35,-72,63,1,2964
1971,63,-63,0,1,2965
1972,0,65,65,0,2965
1973,65,58,23,1,2966
1974,23,77,0,1,2967
1975,0,-38,62,0,2967
1976,62,-44,18,0,2967
1977,18,60,78,0,2967
1978,78,22,0,1,2968
1979,0,-35,65,0,2968
1980,65,-254,11,2,2970
1981,11,-11,0,1,2971
1982,0,-48,52,0,2971
1983,52,-98,54,1,2972
1984,54,-67,87,1,2973
1985,87,-13,74,0,2973
1986,74,-93,81,1,2974
1987,81,664,45,7,2981
1988,45,-73,72,1,2982
1989,72,28,0,1,2983
1990,0,33,33,0,2983
1991,33,-97,36,1,2984
1992,36,31,67,0,2984
1993,67,15,82,0,2984
1994,82,-82,0,1,2985
1995,0,-84,16,0,2985
1996,16,77,93,0,2985
1997,93,-93,0,1,2986
1998,0,558,58,5,2991
1999,58,99,57,1,2992
2000,57,843,0,9,3001
2001,0,-444,56,4,3005
2002,56,-6,50,0,3005
2003,50,-31,19,0,3005
2004,19,88,7,1,3006
2005,7,-37,70,1,3007
2006,70,26,96,0,3007
2007,96,-94,2,0,3007
2008,2,-2,0,1,3008
2009,0,-27,73,0,3008
2010,73,-885,88,9,3017
2011,88,170,58,2,3019
2012,58,-46,12,0,3019
2013,12,-12,0,1,3020
2014,0,-122,78,1,3021
2015,78,899,77,9,3030
2016,77,-3,74,0,3030
2017,74,26,0,1,3031
2018,0,16,16,0,3031
2019,16,-2,14,0,3031
2020,14,70,84,0,3031
2021,84,-470,14,4,3035
2022,14,767,81,7,3042
2023,81,-481,0,5,3047
2024,0,376,76,3,3050
2025,76,24,0,1,3051
2026,0,-35,65,0,3051
2027,65,-19,46,0,3051
2028,46,-54,92,1,3052
2029,92,58,50,1,3053
2030,50,703,53,7,3060
2031,53,-21,32,0,3060
2032,32,-11,21,0,3060
2033,21,-121,0,2,3062
2034,0,8,8,0,3062
2035,8,968,76,9,3071
2036,76,-44,32,0,3071
2037,32,67,99,0,3071
2038,99,-999,0,10,3081
2039,0,40,40,0,3081
2040,40,-6,34,0,3081
2041,34,-2,32,0,3081
2042,32,68,0,1,3082
2043,0,-834,66,8,3090
2044,66,-11,55,0,3090
2045,55,80,35,1,3091
2046,35,-35,0,1,3092
2047,0,-19,81,0,3092
2048,81,-89,92,1,3093
2049,92,85,77,1,3094
2050,77,-77,0,1,3095
2051,0,-96,4,0,3095
2052,4,96,0,1,3096
2053,0,-67,33,0,3096
2054,33,-58,75,1,3097
2055,75,996,71,10,3107
2056,71,-60,11,0,3107
2057,11,2,13,0,3107
2058,13,87,0,1,3108
2059,0,-644,56,6,3114
2060,56,-56,0,1,3115
2061,0,88,88,0,3115
2062,88,93,81,1,3116
2063,81,-381,0,4,3120
2064,0,60,60,0,3120
2065,60,40,0,1,3121
2066,0,98,98,0,3121
2067,98,-73,25,0,3121
2068,25,-525,0,6,3127
2069,0,-71,29,0,3127
2070,29,-656,73,7,3134
2071,73,-93,80,1,3135
2072,80,20,0,1,3136
2073,0,-29,71,0,3136
2074,71,-62,9,0,3136
2075,9,68,77,0,3136
2076,77,652,29,7,3143
2077,29,71,0,1,3144
2078,0,97,97,0,3144
2079,97,-29,68,0,3144
2080,68,32,0,1,3145
2081,0,14,14,0,3145
2082,14,-14,0,1,3146
2083,0,52,52,0,3146
2084,52,-87,65,1,3147
2085,65,683,48,7,3154
2086,48,-32,16,0,3154
2087,16,-215,1,2,3156
2088,1,20,21,0,3156
2089,21,-21,0,1,3157
2090,0,-379,21,3,3160
2091,21,279,0,3,3163
2092,0,-73,27,0,3163
2093,27,73,0,1,3164
2094,0,19,19,0,3164
2095,19,-219,0,3,3167
2096,0,11,11,0,3167
2097,11,11,22,0,3167
2098,22,78,0,1,3168
2099,0,98,98,0,3168
2100,98,75,73,1,3169
2101,73,-73,0,1,3170
2102,0,-25,75,0,3170
2103,75,-76,99,1,3171
2104,99,14,13,1,3172
2105,13,-59,54,1,3173
2106,54,-105,49,1,3174
2107,49,-20,29,0,3174
2108,29,-41,88,1,3175
2109,88,12,0,1,3176
2110,0,824,24,8,3184
2111,24,955,79,9,3193
2112,79,-421,58,4,3197
2113,58,42,0,1,3198
2114,0,-78,22,0,3198
2115,22,378,0,4,3202
2116,0,33,33,0,3202
2117,33,67,0,1,3203
2118,0,-371,29,3,3206
2119,29,-45,84,1,3207
2120,84,-90,94,1,3208
2121,94,6,0,1,3209
2122,0,993,93,9,3218
2123,93,49,42,1,3219
2124,42,90,32,1,3220
2125,32,-32,0,1,3221
2126,0,-53,47,0,3221
2127,47,-90,57,1,3222
2128,57,-57,0,1,3223
2129,0,-23,77,0,3223
2130,77,-42,35,0,3223
2131,35,-535,0,6,3229
2132,0,-26,74,0,3229
2133,74,26,0,1,3230
2134,0,-67,33,0,3230
2135,33,-409,24,4,3234
2136,24,20,44,0,3234
2137,44,56,0,1,3235
2138,0,-39,61,0,3235
2139,61,-92,69,1,3236
2140,69,16,85,0,3236
2141,85,-85,0,1,3237
2142,0,-86,14,0,3237
2143,14,95,9,1,3238
2144,9,84,93,0,3238
2145,93,26,19,1,3239
2146,19,-222,97,3,3242
2147,97,-97,0,1,3243
2148,0,33,33,0,3243
2149,33,-9,24,0,3243
2150,24,-24,0,1,3244
2151,0,23,23,0,3244
2152,23,-97,26,1,3245
2153,26,56,82,0,3245
2154,82,-82,0,1,3246
2155,0,-601,99,6,3252
2156,99,-99,0,1,3253
2157,0,-98,2,0,3253
2158,2,-93,9,1,3254
2159,9,15,24,0,3254
2160,24,22,46,0,3254
2161,46,54,0,1,3255
2162,0,-16,84,0,3255
2163,84,-984,0,10,3265
2164,0,-81,19,0,3265
2165,19,-19,0,1,3266
2166,0,-12,88,0,3266
2167,88,16,4,1,3267
2168,4,35,39,0,3267
2169,39,61,0,1,3268
2170,0,320,20,3,3271
2171,20,80,0,1,3272
2172,0,960,60,9,3281
2173,60,33,93,0,3281
2174,93,-47,46,0,3281
2175,46,54,0,1,3282
2176,0,-82,18,0,3282
2177,18,-45,73,1,3283
2178,73,16,89,0,3283
2179,89,-89,0,1,3284
2180,0,-73,27,0,3284
2181,27,-36,91,1,3285
2182,91,6,97,0,3285
2183,97,981,78,10,3295
2184,78,22,0,1,3296
2185,0,30,30,0,3296
2186,30,-60,70,1,3297
2187,70,30,0,1,3298
2188,0,569,69,5,3303
2189,69,-415,54,4,3307
2190,54,-10,44,0,3307
2191,44,-644,0,7,3314
2192,0,41,41,0,3314
2193,41,46,87,0,3314
2194,87,-41,46,0,3314
2195,46,-5,41,0,3314
2196,41,-53,88,1,3315
2197,88,-88,0,1,3316
2198,0,437,37,4,3320
2199,37,-73,64,1,3321
2200,64,990,54,10,3331
2201,54,-76,78,1,3332
2202,78,-478,0,5,3337
2203,0,474,74,4,3341
2204,74,-74,0,1,3342
2205,0,787,87,7,3349
2206,87,-70,17,0,3349
2207,17,-60,57,1,3350
2208,57,-279,78,3,3353
2209,78,52,30,1,3354
2210,30,-30,0,1,3355
2211,0,-95,5,0,3355
2212,5,695,0,7,3362
2213,0,55,55,0,3362
2214,55,-77,78,1,3363
2215,78,87,65,1,3364
2216,65,18,83,0,3364
2217,83,-83,0,1,3365
2218,0,23,23,0,3365
2219,23,8,31,0,3365
2220,31,91,22,1,3366
2221,22,78,0,1,3367
2222,0,-65,35,0,3367
2223,35,-35,0,1,3368
2224,0,92,92,0,3368
2225,92,308,0,4,3372
2226,0,95,95,0,3372
2227,95,84,79,1,3373
2228,79,-113,66,1,3374
2229,66,-36,30,0,3374
2230,30,-66,64,1,3375
2231,64,45,9,1,3376
2232,9,-772,37,8,3384
2233,37,-857,80,9,3393
2234,80,-34,46,0,3393
2235,46,-46,0,1,3394
2236,0,-762,38,7,3401
2237,38,62,0,1,3402
2238,0,51,51,0,3402
2239,51,91,42,1,3403
2240,42,58,0,1,3404
2241,0,61,61,0,3404
2242,61,-48,13,0,3404
2243,13,-42,71,1,3405
2244,71,-98,73,1,3406
2245,73,-73,0,1,3407
2246,0,-8,92,0,3407
2247,92,36,28,1,3408
2248,28,86,14,1,3409
2249,14,-203,11,2,3411
2250,11,190,1,2,3413
2251,1,67,68,0,3413
2252,68,51,19,1,3414
2253,19,144,63,1,3415
2254,63,52,15,1,3416
2255,15,-30,85,1,3417
2256,85,715,0,8,3425
2257,0,38,38,0,3425
2258,38,-27,11,0,3425
2259,11,89,0,1,3426
2260,0,-74,26,0,3426
2261,26,-8,18,0,3426
2262,18,82,0,1,3427
2263,0,-28,72,0,3427
2264,72,73,45,1,3428
2265,45,18,63,0,3428
2266,63,-263,0,3,3431
2267,0,60,60,0,3431
2268,60,-55,5,0,3431
2269,5,395,0,4,3435
2270,0,749,49,7,3442
2271,49,97,46,1,3443
2272,46,-46,0,1,3444
2273,0,-91,9,0,3444
2274,9,-509,0,6,3450
2275,0,580,80,5,3455
2276,80,88,68,1,3456
2277,68,-14,54,0,3456
2278,54,446,0,5,3461
2279,0,23,23,0,3461
2280,23,34,57,0,3461
2281,57,-1,56,0,3461
2282,56,-69,87,1,3462
2283,87,-4,83,0,3462
2284,83,-52,31,0,3462
2285,31,69,0,1,3463
2286,0,-93,7,0,3463
2287,7,-44,63,1,3464
2288,63,355,18,4,3468
2289,18,382,0,4,3472
2290,0,49,49,0,3472
2291,49,292,41,3,3475
2292,41,-6,35,0,3475
2293,35,-13,22,0,3475
2294,22,3,25,0,3475
2295,25,12,37,0,3475
2296,37,13,50,0,3475
2297,50,-50,0,1,3476
2298,0,-70,30,0,3476
2299,30,-463,67,5,3481
2300,67,74,41,1,3482
2301,41,-9,32,0,3482
2302,32,496,28,5,3487
2303,28,48,76,0,3487
2304,76,-75,1,0,3487
2305,1,-28,73,1,3488
2306,73,601,74,6,3494
2307,74,-56,18,0,3494
2308,18,-18,0,1,3495
2309,0,86,86,0,3495
2310,86,82,68,1,3496
2311,68,-68,0,1,3497
2312,0,92,92,0,3497
2313,92,42,34,1,3498
2314,34,-42,92,1,3499
2315,92,-83,9,0,3499
2316,9,-99,10,1,3500
2317,10,90,0,1,3501
2318,0,71,71,0,3501
2319,71,-71,0,1,3502
2320,0,48,48,0,3502
2321,48,52,0,1,3503
2322,0,11,11,0,3503
2323,11,-90,21,1,3504
2324,21,79,0,1,3505
2325,0,-52,48,0,3505
2326,48,-48,0,1,3506
2327,0,-21,79,0,3506
2328,79,4,83,0,3506
2329,83,-18,65,0,3506
2330,65,935,0,10,3516
2331,0,-50,50,0,3516
2332,50,-2,48,0,3516
2333,48,26,74,0,3516
2334,74,-74,0,1,3517
2335,0,4,4,0,3517
2336,4,-39,65,1,3518
2337,65,-665,0,7,3525
2338,0,79,79,0,3525
2339,79,-79,0,1,3526
2340,0,-604,96,6,3532
2341,96,76,72,1,3533
2342,72,-873,99,9,3542
2343,99,-897,2,8,3550
2344,2,-571,31,6,3556
2345,31,-31,0,1,3557
2346,0,-9,91,0,3557
2347,91,9,0,1,3558
2348,0,93,93,0,3558
2349,93,-10,83,0,3558
2350,83,-883,0,9,3567
2351,0,79,79,0,3567
2352,79,21,0,1,3568
2353,0,810,10,8,3576
2354,10,490,0,5,3581
2355,0,-99,1,0,3581
2356,1,75,76,0,3581
2357,76,17,93,0,3581
2358,93,627,20,7,3588
2359,20,380,0,4,3592
2360,0,15,15,0,3592
2361,15,-59,56,1,3593
2362,56,-56,0,1,3594
2363,0,1,1,0,3594
2364,1,27,28,0,3594
2365,28,72,0,1,3595
2366,0,-959,41,9,3604
2367,41,-90,51,1,3605
2368,51,-6,45,0,3605
2369,45,34,79,0,3605
2370,79,21,0,1,3606
2371,0,36,36,0,3606
2372,36,71,7,1,3607
2373,7,-7,0,1,3608
2374,0,17,17,0,3608
2375,17,-17,0,1,3609
2376,0,20,20,0,3609
2377,20,-931,89,10,3619
2378,89,-54,35,0,3619
2379,35,356,91,3,3622
2380,91,-58,33,0,3622
2381,33,-77,56,1,3623
2382,56,44,0,1,3624
2383,0,-1,99,0,3624
2384,99,1,0,1,3625
2385,0,-158,42,1,3626
2386,42,27,69,0,3626
2387,69,10,79,0,3626
2388,79,-129,50,1,3627
2389,50,50,0,1,3628
2390,0,3,3,0,3628
2391,3,-303,0,4,3632
2392,0,-49,51,0,3632
2393,51,-53,98,1,3633
2394,98,-82,16,0,3633
2395,16,-77,39,1,3634
2396,39,-62,77,1,3635
2397,77,-92,85,1,3636
2398,85,-53,32,0,3636
2399,32,-35,97,1,3637
2400,97,-32,65,0,3637
2401,65,-356,9,3,3640
2402,9,-4,5,0,3640
2403,5,-5,0,1,3641
2404,0,-60,40,0,3641
2405,40,13,53,0,3641
2406,53,-165,88,2,3643
2407,88,55,43,1,3644
2408,43,57,0,1,3645
2409,0,13,13,0,3645
2410,13,87,0,1,3646
2411,0,-33,67,0,3646
2412,67,-385,82,4,3650
2413,82,18,0,1,3651
2414,0,-66,34,0,3651
2415,34,-58,76,1,3652
2416,76,-76,0,1,3653
2417,0,-94,6,0,3653
2418,6,64,70,0,3653
2419,70,-70,0,1,3654
2420,0,943,43,9,3663
2421,43,-43,0,1,3664
2422,0,-44,56,0,3664
2423,56,25,81,0,3664
2424,81,19,0,1,3665
2425,0,87,87,0,3665
2426,87,22,9,1,3666
2427,9,-50,59,1,3667
2428,59,41,0,1,3668
2429,0,12,12,0,3668
2430,12,-994,18,10,3678
2431,18,24,42,0,3678
2432,42,-25,17,0,3678
2433,17,83,0,1,3679
2434,0,-72,28,0,3679
2435,28,-47,81,1,3680
2436,81,-81,0,1,3681
2437,0,644,44,6,3687
2438,44,81,25,1,3688
2439,25,4,29,0,3688
2440,29,-29,0,1,3689
2441,0,-92,8,0,3689
2442,8,-58,50,1,3690
2443,50,-50,0,1,3691
2444,0,-991,9,9,3700
2445,9,-15,94,1,3701
2446,94,47,41,1,3702
2447,41,59,0,1,3703
2448,0,51,51,0,3703
2449,51,-51,0,1,3704
2450,0,4,4,0,3704
2451,4,451,55,4,3708
2452,55,-94,61,1,3709
2453,61,-361,0,4,3713
2454,0,-818,82,8,3721
2455,82,-82,0,1,3722
2456,0,-9,91,0,3722
2457,91,-46,45,0,3722
2458,45,612,57,6,3728
2459,57,-57,0,1,3729
2460,0,-44,56,0,3729
2461,56,-850,6,8,3737
2462,6,94,0,1,3738
2463,0,99,99,0,3738
2464,99,4,3,1,3739
2465,3,97,0,1,3740
2466,0,29,29,0,3740
2467,29,-705,24,7,3747
2468,24,-32,92,1,3748
2469,92,-692,0,7,3755
2470,0,86,86,0,3755
2471,86,45,31,1,3756
2472,31,-22,9,0,3756
2473,9,91,0,1,3757
2474,0,-11,89,0,3757
2475,89,-75,14,0,3757
2476,14,-26,88,1,3758
2477,88,-788,0,8,3766
2478,0,-63,37,0,3766
2479,37,-637,0,7,3773
2480,0,-44,56,0,3773
2481,56,-356,0,4,3777
2482,0,-368,32,3,3780
2483,32,-90,42,1,3781
2484,42,58,0,1,3782
2485,0,65,65,0,3782
2486,65,33,98,0,3782
2487,98,2,0,1,3783
2488,0,-449,51,4,3787
2489,51,49,0,1,3788
2490,0,95,95,0,3788
2491,95,805,0,9,3797
2492,0,76,76,0,3797
2493,76,24,0,1,3798
2494,0,208,8,2,3800
2495,8,46,54,0,3800
2496,54,-1,53,0,3800
2497,53,-79,74,1,3801
2498,74,4,78,0,3801
2499,78,37,15,1,3802
2500,15,221,36,2,3804
2501,36,40,76,0,3804
2502,76,-8,68,0,3804
2503,68,945,13,10,3814
2504,13,-42,71,1,3815
2505,71,394,65,4,3819
2506,65,91,56,1,3820
2507,56,-1,55,0,3820
2508,55,62,17,1,3821
2509,17,-63,54,1,3822
2510,54,39,93,0,3822
2511,93,-93,0,1,3823
2512,0,65,65,0,3823
2513,65,-65,0,1,3824
2514,0,-31,69,0,3824
2515,69,-26,43,0,3824
2516,43,71,14,1,3825
2517,14,9,23,0,3825
2518,23,-23,0,1,3826
2519,0,-6,94,0,3826
2520,94,67,61,1,3827
2521,61,39,0,1,3828
2522,0,-95,5,0,3828
2523,5,645,50,6,3834
2524,50,50,0,1,3835
2525,0,-446,54,4,3839
2526,54,71,25,1,3840
2527,25,36,61,0,3840
2528,61,28,89,0,3840
2529,89,11,0,1,3841
2530,0,-80,20,0,3841
2531,20,22,42,0,3841
2532,42,58,0,1,3842
2533,0,85,85,0,3842
2534,85,-85,0,1,3843
2535,0,-19,81,0,3843
2536,81,96,77,1,3844
2537,77,-877,0,9,3853
2538,0,-83,17,0,3853
2539,17,83,0,1,3854
2540,0,-26,74,0,3854
2541,74,36,10,1,3855
2542,10,318,28,3,3858
2543,28,-15,13,0,3858
2544,13,-58,55,1,3859
2545,55,86,41,1,3860
2546,41,-3,38,0,3860
2547,38,16,54,0,3860
2548,54,14,68,0,3860
2549,68,845,13,9,3869
2550,13,38,51,0,3869
2551,51,349,0,4,3873
2552,0,32,32,0,3873
2553,32,77,9,1,3874
2554,9,-9,0,1,3875
2555,0,615,15,6,3881
2556,15,-25,90,1,3882
2557,90,-490,0,5,3887
2558,0,-809,91,8,3895
2559,91,9,0,1,3896
2560,0,48,48,0,3896
2561,48,-73,75,1,3897
2562,75,71,46,1,3898
2563,46,-59,87,1,3899
2564,87,14,1,1,3900
2565,1,64,65,0,3900
2566,65,-89,76,1,3901
2567,76,347,23,4,3905
2568,23,-23,0,1,3906
2569,0,80,80,0,3906
2570,80,93,73,1,3907
2571,73,678,51,7,3914
2572,51,-25,26,0,3914
2573,26,603,29,6,3920
2574,29,-47,82,1,3921
2575,82,-682,0,7,3928
2576,0,-3,97,0,3928
2577,97,-23,74,0,3928
2578,74,-76,98,1,3929
2579,98,-44,54,0,3929
2580,54,83,37,1,3930
2581,37,-67,70,1,3931
2582,70,-270,0,3,3934
2583,0,-23,77,0,3934
2584,77,-77,0,1,3935
2585,0,-28,72,0,3935
2586,72,28,0,1,3936
2587,0,-27,73,0,3936
2588,73,-527,46,5,3941
2589,46,-46,0,1,3942
2590,0,-89,11,0,3942
2591,11,789,0,8,3950
2592,0,-33,67,0,3950
2593,67,90,57,1,3951
2594,57,47,4,1,3952
2595,4,96,0,1,3953
2596,0,63,63,0,3953
2597,63,617,80,6,3959
2598,80,86,66,1,3960
2599,66,34,0,1,3961
2600,0,-491,9,4,3965
2601,9,-9,0,1,3966
2602,0,-10,90,0,3966
2603,90,-583,7,5,3971
2604,7,-24,83,1,3972
2605,83,43,26,1,3973
2606,26,-2,24,0,3973
2607,24,-27,97,1,3974
2608,97,23,20,1,3975
2609,20,81,1,1,3976
2610,1,99,0,1,3977
2611,0,-53,47,0,3977
2612,47,-57,90,1,3978
2613,90,31,21,1,3979
2614,21,-83,38,1,3980
2615,38,62,0,1,3981
2616,0,-36,64,0,3981
2617,64,-64,0,1,3982
2618,0,179,79,1,3983
2619,79,40,19,1,3984
2620,19,-19,0,1,3985
2621,0,863,63,8,3993
2622,63,-63,0,1,3994
2623,0,-62,38,0,3994
2624,38,41,79,0,3994
2625,79,-65,14,0,3994
2626,14,-14,0,1,3995
2627,0,3,3,0,3995
2628,3,359,62,3,3998
2629,62,-916,46,9,4007
2630,46,54,0,1,4008
2631,0,16,16,0,4008
2632,16,90,6,1,4009
2633,6,-66,40,1,4010
2634,40,-30,10,0,4010
2635,10,94,4,1,4011
2636,4,-17,87,1,4012
2637,87,13,0,1,4013
2638,0,26,26,0,4013
2639,26,74,0,1,4014
2640,0,-72,28,0,4014
2641,28,-35,93,1,4015
2642,93,7,0,1,4016
2643,0,-38,62,0,4016
2644,62,-34,28,0,4016
2645,28,27,55,0,4016
2646,55,-578,77,6,4022
2647,77,-77,0,1,4023
2648,0,89,89,0,4023
2649,89,-20,69,0,4023
2650,69,-787,82,8,4031
2651,82,-21,61,0,4031
2652,61,-22,39,0,4031
2653,39,-56,83,1,4032
2654,83,48,31,1,4033
2655,31,87,18,1,4034
2656,18,13,31,0,4034
2657,31,369,0,4,4038
2658,0,-37,63,0,4038
2659,63,-76,87,1,4039
2660,87,-59,28,0,4039
2661,28,732,60,7,4046
2662,60,-116,44,1,4047
2663,44,56,0,1,4048
2664,0,-496,4,4,4052
2665,4,232,36,2,4054
2666,36,114,50,1,4055
2667,50,13,63,0,4055
2668,63,-63,0,1,4056
2669,0,-520,80,5,4061
2670,80,75,55,1,4062
2671,55,-55,0,1,4063
2672,0,-59,41,0,4063
2673,41,59,0,1,4064
2674,0,-65,35,0,4064
2675,35,80,15,1,4065
2676,15,-6,9,0,4065
2677,9,91,0,1,4066
2678,0,-88,12,0,4066
2679,12,-12,0,1,4067
2680,0,48,48,0,4067
2681,48,90,38,1,4068
2682,38,162,0,2,4070
2683,0,-722,78,7,4077
2684,78,90,68,1,4078
2685,68,917,85,9,4087
2686,85,-271,14,2,4089
2687,14,86,0,1,4090
2688,0,32,32,0,4090
2689,32,18,50,0,4090
2690,50,417,67,4,4094
2691,67,-67,0,1,4095
2692,0,44,44,0,4095
2693,44,14,58,0,4095
2694,58,-540,18,5,4100
2695,18,54,72,0,4100
2696,72,-46,26,0,4100
2697,26,410,36,4,4104
2698,36,-2,34,0,4104
2699,34,66,0,1,4105
2700,0,-7,93,0,4105
2701,93,611,4,7,4112
2702,4,91,95,0,4112
2703,95,5,0,1,4113
2704,0,30,30,0,4113
2705,30,72,2,1,4114
2706,2,38,40,0,4114
2707,40,-94,46,1,4115
2708,46,54,0,1,4116
2709,0,-656,44,6,4122
2710,44,-44,0,1,4123
2711,0,-13,87,0,4123
2712,87,-75,12,0,4123
2713,12,-36,76,1,4124
2714,76,-44,32,0,4124
2715,32,29,61,0,4124
2716,61,-41,20,0,4124
2717,20,33,53,0,4124
2718,53,-53,0,1,4125
2719,0,-27,73,0,4125
2720,73,-73,0,1,4126
2721,0,7,7,0,4126
2722,7,18,25,0,4126
2723,25,47,72,0,4126
2724,72,-452,20,4,4130
2725,20,-120,0,2,4132
2726,0,72,72,0,4132
2727,72,73,45,1,4133
2728,45,-37,8,0,4133
2729,8,423,31,4,4137
2730,31,-31,0,1,4138
2731,0,-17,83,0,4138
2732,83,-83,0,1,4139
2733,0,-51,49,0,4139
2734,49,-27,22,0,4139
2735,22,91,13,1,4140
2736,13,-50,63,1,4141
2737,63,-70,93,1,4142
2738,93,10,3,1,4143
2739,3,-83,20,1,4144
2740,20,74,94,0,4144
2741,94,-1,93,0,4144
2742,93,107,0,2,4146
2743,0,37,37,0,4146
2744,37,-84,53,1,4147
2745,53,88,41,1,4148
2746,41,-41,0,1,4149
2747,0,-87,13,0,4149
2748,13,-427,86,5,4154
2749,86,-86,0,1,4155
2750,0,51,51,0,4155
2751,51,31,82,0,4155
2752,82,-861,21,8,4163
2753,21,-843,78,9,4172
2754,78,-75,3,0,4172
2755,3,723,26,7,4179
2756,26,74,0,1,4180
2757,0,-19,81,0,4180
2758,81,219,0,3,4183
2759,0,-139,61,1,4184
2760,61,29,90,0,4184
2761,90,10,0,1,4185
2762,0,-528,72,5,4190
2763,72,28,0,1,4191
2764,0,-67,33,0,4191
2765,33,58,91,0,4191
2766,91,72,63,1,4192
2767,63,-86,77,1,4193
2768,77,35,12,1,4194
2769,12,38,50,0,4194
2770,50,-89,61,1,4195
2771,61,-20,41,0,4195
2772,41,43,84,0,4195
2773,84,-84,0,1,4196
2774,0,5,5,0,4196
2775,5,-5,0,1,4197
2776,0,41,41,0,4197
2777,41,50,91,0,4197
2778,91,-6,85,0,4197
2779,85,97,82,1,4198
2780,82,45,27,1,4199
2781,27,-27,0,1,4200
2782,0,405,5,4,4204
2783,5,-49,56,1,4205
2784,56,44,0,1,4206
2785,0,76,76,0,4206
2786,76,-63,13,0,4206
2787,13,374,87,3,4209
2788,87,-87,0,1,4210
2789,0,149,49,1,4211
2790,49,-49,0,1,4212
2791,0,86,86,0,4212
2792,86,14,0,1,4213
2793,0,-14,86,0,4213
2794,86,-29,57,0,4213
2795,57,43,0,1,4214
2796,0,-44,56,0,4214
2797,56,44,0,1,4215
2798,0,-6,94,0,4215
2799,94,84,78,1,4216
2800,78,22,0,1,4217
2801,0,27,27,0,4217
2802,27,-27,0,1,4218
2803,0,-57,43,0,4218
2804,43,298,41,3,4221
2805,41,-63,78,1,4222
2806,78,-642,36,6,4228
2807,36,-799,37,8,4236
2808,37,-73,64,1,4237
2809,64,36,0,1,4238
2810,0,19,19,0,4238
2811,19,-19,0,1,4239
2812,0,-13,87,0,4239
2813,87,71,58,1,4240
2814,58,-58,0,1,4241
2815,0,38,38,0,4241
2816,38,162,0,2,4243
2817,0,-594,6,5,4248
2818,6,-6,0,1,4249
2819,0,-39,61,0,4249
2820,61,-861,0,9,4258
2821,0,-143,57,1,4259
2822,57,43,0,1,4260
2823,0,-5,95,0,4260
2824,95,5,0,1,4261
2825,0,-45,55,0,4261
2826,55,-26,29,0,4261
2827,29,949,78,9,4270
2828,78,-78,0,1,4271
2829,0,-94,6,0,4271
2830,6,94,0,1,4272
2831,0,78,78,0,4272
2832,78,-578,0,6,4278
2833,0,-642,58,6,4284
2834,58,914,72,9,4293
2835,72,51,23,1,4294
2836,23,70,93,0,4294
2837,93,-93,0,1,4295
2838,0,69,69,0,4295
2839,69,-21,48,0,4295
2840,48,9,57,0,4295
2841,57,43,0,1,4296
2842,0,94,94,0,4296
2843,94,-64,30,0,4296
2844,30,56,86,0,4296
2845,86,-454,32,4,4300
2846,32,49,81,0,4300
2847,81,19,0,1,4301
2848,0,-49,51,0,4301
2849,51,-16,35,0,4301
2850,35,65,0,1,4302
2851,0,146,46,1,4303
2852,46,28,74,0,4303
2853,74,43,17,1,4304
2854,17,50,67,0,4304
2855,67,33,0,1,4305
2856,0,54,54,0,4305
2857,54,904,58,9,4314
2858,58,-91,67,1,4315
2859,67,-367,0,4,4319
2860,0,-99,1,0,4319
2861,1,99,0,1,4320
2862,0,-53,47,0,4320
2863,47,-58,89,1,4321
2864,89,11,0,1,4322
2865,0,-56,44,0,4322
2866,44,-48,96,1,4323
2867,96,65,61,1,4324
2868,61,39,0,1,4325
2869,0,-329,71,3,4328
2870,71,291,62,3,4331
2871,62,26,88,0,4331
2872,88,12,0,1,4332
2873,0,77,77,0,4332
2874,77,23,0,1,4333
2875,0,42,42,0,4333
2876,42,-363,79,4,4337
2877,79,-9,70,0,4337
2878,70,-970,0,10,4347
2879,0,-22,78,0,4347
2880,78,27,5,1,4348
2881,5,95,0,1,4349
2882,0,-7,93,0,4349
2883,93,449,42,5,4354
2884,42,-82,60,1,4355
2885,60,40,0,1,4356
2886,0,59,59,0,4356
2887,59,41,0,1,4357
2888,0,691,91,6,4363
2889,91,-755,36,7,4370
2890,36,-18,18,0,4370
2891,18,72,90,0,4370
2892,90,-90,0,1,4371
2893,0,-84,16,0,4371
2894,16,71,87,0,4371
2895,87,54,41,1,4372
2896,41,633,74,6,4378
2897,74,-74,0,1,4379
2898,0,-24,76,0,4379
2899,76,24,0,1,4380
2900,0,-78,22,0,4380
2901,22,78,0,1,4381
2902,0,959,59,9,4390
2903,59,41,0,1,4391
2904,0,-79,21,0,4391
2905,21,79,0,1,4392
2906,0,87,87,0,4392
2907,87,59,46,1,4393
2908,46,-67,79,1,4394
2909,79,54,33,1,4395
2910,33,-732,1,7,4402
2911,1,99,0,1,4403
2912,0,-84,16,0,4403
2913,16,67,83,0,4403
2914,83,32,15,1,4404
2915,15,128,43,1,4405
2916,43,79,22,1,4406
2917,22,-38,84,1,4407
2918,84,7,91,0,4407
2919,91,9,0,1,4408
2920,0,74,74,0,4408
2921,74,26,0,1,4409
2922,0,-72,28,0,4409
2923,28,72,0,1,4410
2924,0,92,92,0,4410
2925,92,72,64,1,4411
2926,64,1,65,0,4411
2927,65,63,28,1,4412
2928,28,72,0,1,4413
2929,0,42,42,0,4413
2930,42,58,0,1,4414
2931,0,53,53,0,4414
2932,53,747,0,8,4422
2933,0,-949,51,9,4431
2934,51,68,19,1,4432
2935,19,-19,0,1,4433
2936,0,84,84,0,4433
2937,84,41,25,1,4434
2938,25,-25,0,1,4435
2939,0,94,94,0,4435
2940,94,6,0,1,4436
2941,0,-59,41,0,4436
2942,41,82,23,1,4437
2943,23,-994,29,10,4447
2944,29,-13,16,0,4447
2945,16,909,25,9,4456
2946,25,316,41,3,4459
2947,41,559,0,6,4465
2948,0,-840,60,8,4473
2949,60,-95,65,1,4474
2950,65,67,32,1,4475
2951,32,-51,81,1,4476
2952,81,-26,55,0,4476
2953,55,45,0,1,4477
2954,0,-55,45,0,4477
2955,45,16,61,0,4477
2956,61,-61,0,1,4478
2957,0,47,47,0,4478
2958,47,53,0,1,4479
2959,0,-71,29,0,4479
2960,29,8,37,0,4479
2961,37,-37,0,1,4480
2962,0,-12,88,0,4480
2963,88,-188,0,2,4482
2964,0,-48,52,0,4482
2965,52,79,31,1,4483
2966,31,69,0,1,4484
2967,0,410,10,4,4488
2968,10,-10,0,1,4489
2969,0,733,33,7,4496
2970,33,-33,0,1,4497
2971,0,-63,37,0,4497
2972,37,16,53,0,4497
2973,53,148,1,2,4499
2974,1,-701,0,8,4507
2975,0,-148,52,1,4508
2976,52,-45,7,0,4508
2977,7,93,0,1,4509
2978,0,-94,6,0,4509
2979,6,75,81,0,4509
2980,81,1,82,0,4509
2981,82,736,18,8,4517
2982,18,105,23,1,4518
2983,23,-75,48,1,4519
2984,48,91,39,1,4520
2985,39,61,0,1,4521
2986,0,-35,65,0,4521
2987,65,-65,0,1,4522
2988,0,30,30,0,4522
2989,30,-76,54,1,4523
2990,54,-75,79,1,4524
2991,79,-79,0,1,4525
2992,0,104,4,1,4526
2993,4,-4,0,1,4527
2994,0,28,28,0,4527
2995,28,72,0,1,4528
2996,0,-83,17,0,4528
2997,17,65,82,0,4528
2998,82,-88,94,1,4529
2999,94,-4,90,0,4529
3000,90,10,0,1,4530
3001,0,89,89,0,4530
3002,89,-67,22,0,4530
3003,22,-48,74,1,4531
3004,74,90,64,1,4532
3005,64,-34,30,0,4532
3006,30,49,79,0,4532
3007,79,35,14,1,4533
3008,14,-14,0,1,4534
3009,0,74,74,0,4534
3010,74,89,63,1,4535
3011,63,-11,52,0,4535
3012,52,-38,14,0,4535
3013,14,-91,23,1,4536
3014,23,77,0,1,4537
3015,0,-56,44,0,4537
3016,44,-7,37,0,4537
3017,37,68,5,1,4538
3018,5,-50,55,1,4539
3019,55,465,20,5,4544
3020,20,-20,0,1,4545
3021,0,72,72,0,4545
3022,72,23,95,0,4545
3023,95,17,12,1,4546
3024,12,56,68,0,4546
3025,68,-3,65,0,4546
3026,65,318,83,3,4549
3027,83,12,95,0,4549
3028,95,284,79,3,4552
3029,79,-79,0,1,4553
3030,0,26,26,0,4553
3031,26,74,0,1,4554
3032,0,-86,14,0,4554
3033,14,86,0,1,4555
3034,0,745,45,7,4562
3035,45,755,0,8,4570
3036,0,275,75,2,4572
3037,75,65,40,1,4573
3038,40,60,0,1,4574
3039,0,32,32,0,4574
3040,32,-42,90,1,4575
3041,90,-951,39,9,4584
3042,39,846,85,8,4592
3043,85,-48,37,0,4592
3044,37,699,36,7,4599
3045,36,-746,90,8,4607
3046,90,-94,96,1,4608
3047,96,-84,12,0,4608
3048,12,548,60,5,4613
3049,60,-60,0,1,4614
3050,0,-7,93,0,4614
3051,93,224,17,3,4617
3052,17,-80,37,1,4618
3053,37,75,12,1,4619
3054,12,-61,51,1,4620
3055,51,-77,74,1,4621
3056,74,10,84,0,4621
3057,84,-84,0,1,4622
3058,0,84,84,0,4622
3059,84,48,32,1,4623
3060,32,-748,84,8,4631
3061,84,16,0,1,4632
3062,0,74,74,0,4632
3063,74,76,50,1,4633
3064,50,-50,0,1,4634
3065,0,99,99,0,4634
3066,99,601,0,7,4641
3067,0,21,21,0,4641
3068,21,379,0,4,4645
3069,0,79,79,0,4645
3070,79,29,8,1,4646
3071,8,48,56,0,4646
3072,56,-482,74,5,4651
3073,74,51,25,1,4652
3074,25,2,27,0,4652
3075,27,-13,14,0,4652
3076,14,-14,0,1,4653
3077,0,-98,2,0,4653
3078,2,-2,0,1,4654
3079,0,-84,16,0,4654
3080,16,-87,29,1,4655
3081,29,71,0,1,4656
3082,0,76,76,0,4656
3083,76,45,21,1,4657
3084,21,-821,0,9,4666
3085,0,38,38,0,4666
3086,38,-643,95,7,4673
3087,95,295,90,3,4676
3088,90,-239,51,2,4678
3089,51,-951,0,10,4688
3090,0,65,65,0,4688
3091,65,-65,0,1,4689
3092,0,-5,95,0,4689
3093,95,835,30,9,4698
3094,30,70,0,1,4699
3095,0,-64,36,0,4699
3096,36,-36,0,1,4700
3097,0,-76,24,0,4700
3098,24,46,70,0,4700
3099,70,830,0,9,4709
3100,0,-75,25,0,4709
3101,25,646,71,6,4715
3102,71,-971,0,10,4725
3103,0,-674,26,6,4731
3104,26,74,0,1,4732
3105,0,76,76,0,4732
3106,76,-97,79,1,4733
3107,79,-91,88,1,4734
3108,88,86,74,1,4735
3109,74,26,0,1,4736
3110,0,-3,97,0,4736
3111,97,-27,70,0,4736
3112,70,30,0,1,4737
3113,0,57,57,0,4737
3114,57,779,36,8,4745
3115,36,64,0,1,4746
3116,0,-78,22,0,4746
3117,22,78,0,1,4747
3118,0,49,49,0,4747
3119,49,-49,0,1,4748
3120,0,-34,66,0,4748
3121,66,-750,16,7,4755
3122,16,61,77,0,4755
3123,77,23,0,1,4756
3124,0,-895,5,8,4764
3125,5,61,66,0,4764
3126,66,34,0,1,4765
3127,0,52,52,0,4765
3128,52,67,19,1,4766
3129,19,-42,77,1,4767
3130,77,-77,0,1,4768
3131,0,43,43,0,4768
3132,43,-682,61,7,4775
3133,61,-46,15,0,4775
3134,15,1,16,0,4775
3135,16,384,0,4,4779
3136,0,22,22,0,4779
3137,22,-22,0,1,4780
3138,0,11,11,0,4780
3139,11,-11,0,1,4781
3140,0,28,28,0,4781
3141,28,372,0,4,4785
3142,0,20,20,0,4785
3143,20,-63,57,1,4786
3144,57,-57,0,1,4787
3145,0,85,85,0,4787
3146,85,19,4,1,4788
3147,4,-4,0,1,4789
3148,0,59,59,0,4789
3149,59,-91,68,1,4790
3150,68,-90,78,1,4791
3151,78,62,40,1,4792
3152,40,60,0,1,4793
3153,0,-40,60,0,4793
3154,60,-60,0,1,4794
3155,0,148,48,1,4795
3156,48,52,0,1,4796
3157,0,40,40,0,4796
3158,40,14,54,0,4796
3159,54,47,1,1,4797
3160,1,-70,31,1,4798
3161,31,69,0,1,4799
3162,0,-721,79,7,4806
3163,79,-79,0,1,4807
3164,0,2,2,0,4807
3165,2,-42,60,1,4808
3166,60,99,59,1,4809
3167,59,-13,46,0,4809
3168,46,9,55,0,4809
3169,55,46,1,1,4810
3170,1,-1,0,1,4811
3171,0,321,21,3,4814
3172,21,-46,75,1,4815
3173,75,-675,0,7,4822
3174,0,-40,60,0,4822
3175,60,61,21,1,4823
3176,21,79,0,1,4824
3177,0,-15,85,0,4824
3178,85,63,48,1,4825
3179,48,-88,60,1,4826
3180,60,-33,27,0,4826
3181,27,-20,7,0,4826
3182,7,-40,67,1,4827
3183,67,426,93,4,4831
3184,93,57,50,1,4832
3185,50,76,26,1,4833
3186,26,419,45,4,4837
3187,45,355,0,4,4841
3188,0,-30,70,0,4841
3189,70,-70,0,1,4842
3190,0,-91,9,0,4842
3191,9,489,98,4,4846
3192,98,-80,18,0,4846
3193,18,-1,17,0,4846
3194,17,-20,97,1,4847
3195,97,35,32,1,4848
3196,32,-939,93,10,4858
3197,93,-93,0,1,4859
3198,0,-73,27,0,4859
3199,27,73,0,1,4860
3200,0,22,22,0,4860
3201,22,-94,28,1,4861
3202,28,57,85,0,4861
3203,85,-85,0,1,4862
3204,0,29,29,0,4862
3205,29,27,56,0,4862
3206,56,-56,0,1,4863
3207,0,-85,15,0,4863
3208,15,-54,61,1,4864
3209,61,976,37,10,4874
3210,37,-43,94,1,4875
3211,94,-94,0,1,4876
3212,0,49,49,0,4876
3213,49,-87,62,1,4877
3214,62,49,11,1,4878
3215,11,-753,58,8,4886
3216,58,-58,0,1,4887
3217,0,-65,35,0,4887
3218,35,29,64,0,4887
3219,64,98,62,1,4888
3220,62,73,35,1,4889
3221,35,12,47,0,4889
3222,47,13,60,0,4889
3223,60,93,53,1,4890
3224,53,41,94,0,4890
3225,94,-94,0,1,4891
3226,0,-95,5,0,4891
3227,5,95,0,1,4892
3228,0,90,90,0,4892
3229,90,10,0,1,4893
3230,0,96,96,0,4893
3231,96,-59,37,0,4893
3232,37,63,0,1,4894
3233,0,-57,43,0,4894
3234,43,-43,0,1,4895
3235,0,67,67,0,4895
3236,67,-67,0,1,4896
3237,0,87,87,0,4896
3238,87,-89,98,1,4897
3239,98,-43,55,0,4897
3240,55,645,0,7,4904
3241,0,-822,78,8,4912
3242,78,26,4,1,4913
3243,4,-82,22,1,4914
3244,22,421,43,4,4918
3245,43,57,0,1,4919
3246,0,-69,31,0,4919
3247,31,99,30,1,4920
3248,30,34,64,0,4920
3249,64,36,0,1,4921
3250,0,38,38,0,4921
3251,38,62,0,1,4922
3252,0,-25,75,0,4922
3253,75,-210,65,2,4924
3254,65,79,44,1,4925
3255,44,56,0,1,4926
3256,0,-86,14,0,4926
3257,14,-14,0,1,4927
3258,0,-88,12,0,4927
3259,12,-619,93,7,4934
3260,93,-93,0,1,4935
3261,0,45,45,0,4935
3262,45,355,0,4,4939
3263,0,6,6,0,4939
3264,6,-99,7,1,4940
3265,7,178,85,1,4941
3266,85,-91,94,1,4942
3267,94,-48,46,0,4942
3268,46,54,0,1,4943
3269,0,86,86,0,4943
3270,86,-75,11,0,4943
3271,11,-11,0,1,4944
3272,0,-75,25,0,4944
3273,25,-51,74,1,4945
3274,74,-88,86,1,4946
3275,86,-86,0,1,4947
3276,0,6,6,0,4947
3277,6,94,0,1,4948
3278,0,13,13,0,4948
3279,13,-82,31,1,4949
3280,31,16,47,0,4949
3281,47,83,30,1,4950
3282,30,-30,0,1,4951
3283,0,35,35,0,4951
3284,35,-68,67,1,4952
3285,67,64,31,1,4953
3286,31,39,70,0,4953
3287,70,1,71,0,4953
3288,71,-71,0,1,4954
3289,0,-59,41,0,4954
3290,41,61,2,1,4955
3291,2,-93,9,1,4956
3292,9,-46,63,1,4957
3293,63,98,61,1,4958
3294,61,-825,36,8,4966
3295,36,-65,71,1,4967
3296,71,98,69,1,4968
3297,69,773,42,8,4976
3298,42,51,93,0,4976
3299,93,-666,27,6,4982
3300,27,-51,76,1,4983
3301,76,-41,35,0,4983
3302,35,-71,64,1,4984
3303,64,-52,12,0,4984
3304,12,51,63,0,4984
3305,63,-74,89,1,4985
3306,89,11,0,1,4986
3307,0,-46,54,0,4986
3308,54,-54,0,1,4987
3309,0,66,66,0,4987
3310,66,-36,30,0,4987
3311,30,-58,72,1,4988
3312,72,-72,0,1,4989
3313,0,-39,61,0,4989
3314,61,-13,48,0,4989
3315,48,8,56,0,4989
3316,56,12,68,0,4989
3317,68,34,2,1,4990
3318,2,98,0,1,4991
3319,0,-23,77,0,4991
3320,77,-16,61,0,4991
3321,61,75,36,1,4992
3322,36,-72,64,1,4993
3323,64,-53,11,0,4993
3324,11,96,7,1,4994
3325,7,46,53,0,4994
3326,53,-553,0,6,5000
3327,0,95,95,0,5000
3328,95,5,0,1,5001
3329,0,-52,48,0,5001
3330,48,-43,5,0,5001
3331,5,-61,44,1,5002
3332,44,-528,16,5,5007
3333,16,2,18,0,5007
3334,18,39,57,0,5007
3335,57,27,84,0,5007
3336,84,-56,28,0,5007
3337,28,881,9,9,5016
3338,9,-86,23,1,5017
3339,23,62,85,0,5017
3340,85,15,0,1,5018
3341,0,-82,18,0,5018
3342,18,-18,0,1,5019
3343,0,-73,27,0,5019
3344,27,-58,69,1,5020
3345,69,-69,0,1,5021
3346,0,9,9,0,5021
3347,9,91,0,1,5022
3348,0,-1,99,0,5022
3349,99,601,0,7,5029
3350,0,53,53,0,5029
3351,53,-53,0,1,5030
3352,0,-41,59,0,5030
3353,59,41,0,1,5031
3354,0,165,65,1,5032
3355,65,-13,52,0,5032
3356,52,-52,0,1,5033
3357,0,-85,15,0,5033
3358,15,82,97,0,5033
3359,97,-29,68,0,5033
3360,68,932,0,10,5043
3361,0,91,91,0,5043
3362,91,95,86,1,5044
3363,86,-86,0,1,5045
3364,0,36,36,0,5045
3365,36,-64,72,1,5046
3366,72,-72,0,1,5047
3367,0,-76,24,0,5047
3368,24,79,3,1,5048
3369,3,56,59,0,5048
3370,59,-36,23,0,5048
3371,23,77,0,1,5049
3372,0,19,19,0,5049
3373,19,-66,53,1,5050
3374,53,12,65,0,5050
3375,65,-6,59,0,5050
3376,59,-98,61,1,5051
3377,61,90,51,1,5052
3378,51,261,12,3,5055
3379,12,-34,78,1,5056
3380,78,35,13,1,5057
3381,13,62,75,0,5057
3382,75,-2,73,0,5057
3383,73,68,41,1,5058
3384,41,817,58,8,5066
3385,58,95,53,1,5067
3386,53,47,0,1,5068
3387,0,-92,8,0,5068
3388,8,92,0,1,5069
3389,0,-80,20,0,5069
3390,20,1,21,0,5069
3391,21,82,3,1,5070
3392,3,-40,63,1,5071
3393,63,-63,0,1,5072
3394,0,-336,64,3,5075
3395,64,-64,0,1,5076
3396,0,93,93,0,5076
3397,93,-558,35,5,5081
3398,35,83,18,1,5082
3399,18,-18,0,1,5083
3400,0,-4,96,0,5083
3401,96,89,85,1,5084
3402,85,-30,55,0,5084
3403,55,46,1,1,5085
3404,1,99,0,1,5086
3405,0,25,25,0,5086
3406,25,17,42,0,5086
3407,42,80,22,1,5087
3408,22,7,29,0,5087
3409,29,-143,86,2,5089
3410,86,-80,6,0,5089
3411,6,212,18,2,5091
3412,18,376,94,3,5094
3413,94,6,0,1,5095
3414,0,-66,34,0,5095
3415,34,66,0,1,5096
3416,0,350,50,3,5099
3417,50,789,39,8,5107
3418,39,-71,68,1,5108
3419,68,-20,48,0,5108
3420,48,-89,59,1,5109
3421,59,-59,0,1,5110
3422,0,-26,74,0,5110
3423,74,24,98,0,5110
3424,98,2,0,1,5111
3425,0,-84,16,0,5111
3426,16,91,7,1,5112
3427,7,93,0,1,5113
3428,0,-57,43,0,5113
3429,43,938,81,9,5122
3430,81,82,63,1,5123
3431,63,540,3,6,5129
3432,3,-76,27,1,5130
3433,27,-7,20,0,5130
3434,20,-91,29,1,5131
3435,29,38,67,0,5131
3436,67,-67,0,1,5132
3437,0,952,52,9,5141
3438,52,26,78,0,5141
3439,78,41,19,1,5142
3440,19,19,38,0,5142
3441,38,75,13,1,5143
3442,13,-6,7,0,5143
3443,7,-33,74,1,5144
3444,74,90,64,1,5145
3445,64,-664,0,7,5152
3446,0,35,35,0,5152
3447,35,-50,85,1,5153
3448,85,23,8,1,5154
3449,8,86,94,0,5154
3450,94,-49,45,0,5154
3451,45,15,60,0,5154
3452,60,-22,38,0,5154
3453,38,-38,0,1,5155
3454,0,-92,8,0,5155
3455,8,-208,0,3,5158
3456,0,46,46,0,5158
3457,46,-813,33,8,5166
3458,33,98,31,1,5167
3459,31,-70,61,1,5168
3460,61,39,0,1,5169
3461,0,-911,89,9,5178
3462,89,-89,0,1,5179
3463,0,-72,28,0,5179
3464,28,-90,38,1,5180
3465,38,-38,0,1,5181
3466,0,-78,22,0,5181
3467,22,4,26,0,5181
3468,26,74,0,1,5182
3469,0,63,63,0,5182
3470,63,31,94,0,5182
3471,94,-675,19,6,5188
3472,19,489,8,5,5193
3473,8,-508,0,6,5199
3474,0,-64,36,0,5199
3475,36,664,0,7,5206
3476,0,45,45,0,5206
3477,45,23,68,0,5206
3478,68,-9,59,0,5206
3479,59,31,90,0,5206
3480,90,-690,0,7,5213
3481,0,75,75,0,5213
3482,75,-13,62,0,5213
3483,62,-76,86,1,5214
3484,86,68,54,1,5215
3485,54,-58,96,1,5216
3486,96,4,0,1,5217
3487,0,-56,44,0,5217
3488,44,-243,1,2,5219
3489,1,99,0,1,5220
3490,0,-77,23,0,5220
3491,23,-23,0,1,5221
3492,0,-747,53,7,5228
3493,53,-95,58,1,5229
3494,58,42,0,1,5230
3495,0,75,75,0,5230
3496,75,6,81,0,5230
3497,81,-81,0,1,5231
3498,0,-89,11,0,5231
3499,11,-515,96,6,5237
3500,96,-67,29,0,5237
3501,29,871,0,9,5246
3502,0,-98,2,0,5246
3503,2,-25,77,1,5247
3504,77,-77,0,1,5248
3505,0,-15,85,0,5248
3506,85,644,29,7,5255
3507,29,-29,0,1,5256
3508,0,521,21,5,5261
3509,21,-580,41,6,5267
3510,41,-41,0,1,5268
3511,0,-6,94,0,5268
3512,94,977,71,10,5278
3513,71,29,0,1,5279
3514,0,81,81,0,5279
3515,81,42,23,1,5280
3516,23,8,31,0,5280
3517,31,-3,28,0,5280
3518,28,43,71,0,5280
3519,71,42,13,1,5281
3520,13,14,27,0,5281
3521,27,73,0,1,5282
3522,0,-31,69,0,5282
3523,69,31,0,1,5283
3524,0,24,24,0,5283
3525,24,-50,74,1,5284
3526,74,-117,57,1,5285
3527,57,-62,95,1,5286
3528,95,-77,18,0,5286
3529,18,346,64,3,5289
3530,64,73,37,1,5290
3531,37,30,67,0,5290
3532,67,-56,11,0,5290
3533,11,-946,65,10,5300
3534,65,-902,63,9,5309
3535,63,37,0,1,5310
3536,0,632,32,6,5316
3537,32,68,0,1,5317
3538,0,74,74,0,5317
3539,74,30,4,1,5318
3540,4,54,58,0,5318
3541,58,-65,93,1,5319
3542,93,-42,51,0,5319
3543,51,50,1,1,5320
3544,1,-801,0,9,5329
3545,0,62,62,0,5329
3546,62,87,49,1,5330
3547,49,-49,0,1,5331
3548,0,-403,97,4,5335
3549,97,3,0,1,5336
3550,0,63,63,0,5336
3551,63,23,86,0,5336
3552,86,-86,0,1,5337
3553,0,62,62,0,5337
3554,62,7,69,0,5337
3555,69,-4,65,0,5337
3556,65,35,0,1,5338
3557,0,-852,48,8,5346
3558,48,376,24,4,5350
3559,24,-24,0,1,5351
3560,0,-56,44,0,5351
3561,44,-44,0,1,5352
3562,0,527,27,5,5357
3563,27,8,35,0,5357
3564,35,86,21,1,5358
3565,21,15,36,0,5358
3566,36,8,44,0,5358
3567,44,56,0,1,5359
3568,0,-68,32,0,5359
3569,32,68,0,1,5360
3570,0,-363,37,3,5363
3571,37,799,36,8,5371
3572,36,-70,66,1,5372
3573,66,34,0,1,5373
3574,0,28,28,0,5373
3575,28,61,89,0,5373
3576,89,73,62,1,5374
3577,62,91,53,1,5375
3578,53,-53,0,1,5376
3579,0,40,40,0,5376
3580,40,-68,72,1,5377
3581,72,76,48,1,5378
3582,48,52,0,1,5379
3583,0,-35,65,0,5379
3584,65,52,17,1,5380
3585,17,-83,34,1,5381
3586,34,-44,90,1,5382
3587,90,10,0,1,5383
3588,0,4,4,0,5383
3589,4,96,0,1,5384
3590,0,-42,58,0,5384
3591,58,-356,2,3,5387
3592,2,52,54,0,5387
3593,54,-52,2,0,5387
3594,2,58,60,0,5387
3595,60,15,75,0,5387
3596,75,-67,8,0,5387
3597,8,-224,84,3,5390
3598,84,9,93,0,5390
3599,93,76,69,1,5391
3600,69,-90,79,1,5392
3601,79,-97,82,1,5393
3602,82,14,96,0,5393
3603,96,-611,85,6,5399
3604,85,-86,99,1,5400
3605,99,823,22,9,5409
3606,22,-59,63,1,5410
3607,63,-65,98,1,5411
3608,98,-98,0,1,5412
3609,0,-82,18,0,5412
3610,18,-618,0,7,5419
3611,0,7,7,0,5419
3612,7,409,16,4,5423
3613,16,49,65,0,5423
3614,65,327,92,3,5426
3615,92,-92,0,1,5427
3616,0,66,66,0,5427
3617,66,138,4,2,5429
3618,4,-4,0,1,5430
3619,0,6,6,0,5430
3620,6,8,14,0,5430
3621,14,34,48,0,5430
3622,48,-98,50,1,5431
3623,50,-5,45,0,5431
3624,45,71,16,1,5432
3625,16,497,13,5,5437
3626,13,15,28,0,5437
3627,28,5,33,0,5437
3628,33,67,0,1,5438
3629,0,-45,55,0,5438
3630,55,288,43,3,5441
3631,43,-4,39,0,5441
3632,39,-57,82,1,5442
3633,82,-44,38,0,5442
3634,38,318,56,3,5445
3635,56,-19,37,0,5445
3636,37,65,2,1,5446
3637,2,53,55,0,5446
3638,55,45,0,1,5447
3639,0,-75,25,0,5447
3640,25,94,19,1,5448
3641,19,-81,38,1,5449
3642,38,-55,83,1,5450
3643,83,17,0,1,5451
3644,0,-48,52,0,5451
3645,52,859,11,9,5460
3646,11,-95,16,1,5461
3647,16,-45,71,1,5462
3648,71,-867,4,8,5470
3649,4,96,0,1,5471
3650,0,77,77,0,5471
3651,77,50,27,1,5472
3652,27,-42,85,1,5473
3653,85,-85,0,1,5474
3654,0,-97,3,0,5474
3655,3,14,17,0,5474
3656,17,502,19,5,5479
3657,19,-77,42,1,5480
3658,42,622,64,6,5486
3659,64,-64,0,1,5487
3660,0,13,13,0,5487
3661,13,-813,0,9,5496
3662,0,-56,44,0,5496
3663,44,-99,45,1,5497
3664,45,39,84,0,5497
3665,84,-84,0,1,5498
3666,0,-46,54,0,5498
3667,54,207,61,2,5500
3668,61,28,89,0,5500
3669,89,611,0,7,5507
3670,0,-491,9,4,5511
3671,9,-8,1,0,5511
3672,1,51,52,0,5511
3673,52,48,0,1,5512
3674,0,-47,53,0,5512
3675,53,4,57,0,5512
3676,57,86,43,1,5513
3677,43,77,20,1,5514
3678,20,22,42,0,5514
3679,42,-98,44,1,5515
3680,44,-473,71,5,5520
3681,71,-71,0,1,5521
3682,0,-36,64,0,5521
3683,64,36,0,1,5522
3684,0,405,5,4,5526
3685,5,-253,52,3,5529
3686,52,-52,0,1,5530
3687,0,24,24,0,5530
3688,24,344,68,3,5533
3689,68,32,0,1,5534
3690,0,84,84,0,5534
3691,84,94,78,1,5535
3692,78,-570,8,5,5540
3693,8,-55,53,1,5541
3694,53,3,56,0,5541
3695,56,-9,47,0,5541
3696,47,-79,68,1,5542
3697,68,80,48,1,5543
3698,48,65,13,1,5544
3699,13,-80,33,1,5545
3700,33,-44,89,1,5546
3701,89,11,0,1,5547
3702,0,-63,37,0,5547
3703,37,-24,13,0,5547
3704,13,97,10,1,5548
3705,10,-93,17,1,5549
3706,17,-17,0,1,5550
3707,0,-360,40,3,5553
3708,40,-33,7,0,5553
3709,7,69,76,0,5553
3710,76,-48,28,0,5553
3711,28,3,31,0,5553
3712,31,-16,15,0,5553
3713,15,142,57,1,5554
3714,57,-42,15,0,5554
3715,15,-12,3,0,5554
3716,3,8,11,0,5554
3717,11,-90,21,1,5555
3718,21,479,0,5,5560
3719,0,-64,36,0,5560
3720,36,93,29,1,5561
3721,29,-16,13,0,5561
3722,13,-13,0,1,5562
3723,0,-96,4,0,5562
3724,4,275,79,2,5564
3725,79,4,83,0,5564
3726,83,-56,27,0,5564
3727,27,-27,0,1,5565
3728,0,98,98,0,5565
3729,98,37,35,1,5566
3730,35,-10,25,0,5566
3731,25,75,0,1,5567
3732,0,133,33,1,5568
3733,33,31,64,0,5568
3734,64,10,74,0,5568
3735,74,606,80,6,5574
3736,80,-55,25,0,5574
3737,25,40,65,0,5574
3738,65,-65,0,1,5575
3739,0,34,34,0,5575
3740,34,-24,10,0,5575
3741,10,37,47,0,5575
3742,47,-7,40,0,5575
3743,40,560,0,6,5581
3744,0,-94,6,0,5581
3745,6,33,39,0,5581
3746,39,-39,0,1,5582
3747,0,24,24,0,5582
3748,24,3,27,0,5582
3749,27,52,79,0,5582
3750,79,-50,29,0,5582
3751,29,-29,0,1,5583
3752,0,72,72,0,5583
3753,72,-114,58,1,5584
3754,58,-58,0,1,5585
3755,0,14,14,0,5585
3756,14,-14,0,1,5586
3757,0,-14,86,0,5586
3758,86,-47,39,0,5586
3759,39,-39,0,1,5587
3760,0,-42,58,0,5587
3761,58,-48,10,0,5587
3762,10,-10,0,1,5588
3763,0,-30,70,0,5588
3764,70,68,38,1,5589
3765,38,15,53,0,5589
3766,53,-53,0,1,5590
3767,0,49,49,0,5590
3768,49,53,2,1,5591
3769,2,898,0,9,5600
3770,0,-99,1,0,5600
3771,1,-16,85,1,5601
3772,85,-52,33,0,5601
3773,33,-33,0,1,5602
3774,0,-482,18,4,5606
3775,18,28,46,0,5606
3776,46,64,10,1,5607
3777,10,32,42,0,5607
3778,42,58,0,1,5608
3779,0,-383,17,3,5611
3780,17,83,0,1,5612
3781,0,75,75,0,5612
3782,75,-231,44,2,5614
3783,44,56,0,1,5615
3784,0,-9,91,0,5615
3785,91,9,0,1,5616
3786,0,80,80,0,5616
3787,80,-51,29,0,5616
3788,29,57,86,0,5616
3789,86,49,35,1,5617
3790,35,73,8,1,5618
3791,8,-42,66,1,5619
3792,66,28,94,0,5619
3793,94,76,70,1,5620
3794,70,-69,1,0,5620
3795,1,939,40,9,5629
3796,40,4,44,0,5629
3797,44,61,5,1,5630
3798,5,-82,23,1,5631
3799,23,20,43,0,5631
3800,43,-43,0,1,5632
3801,0,86,86,0,5632
3802,86,-186,0,2,5634
3803,0,71,71,0,5634
3804,71,84,55,1,5635
3805,55,-455,0,5,5640
3806,0,83,83,0,5640
3807,83,-18,65,0,5640
3808,65,638,3,7,5647
3809,3,773,76,7,5654
3810,76,-76,0,1,5655
3811,0,-666,34,6,5661
3812,34,37,71,0,5661
3813,71,-128,43,1,5662
3814,43,-43,0,1,5663
3815,0,582,82,5,5668
3816,82,718,0,8,5676
3817,0,9,9,0,5676
3818,9,91,0,1,5677
3819,0,-32,68,0,5677
3820,68,171,39,2,5679
3821,39,-89,50,1,5680
3822,50,22,72,0,5680
3823,72,40,12,1,5681
3824,12,88,0,1,5682
3825,0,-88,12,0,5682
3826,12,41,53,0,5682
3827,53,-28,25,0,5682
3828,25,-25,0,1,5683
3829,0,-196,4,1,5684
3830,4,85,89,0,5684
3831,89,-90,99,1,5685
3832,99,-99,0,1,5686
3833,0,759,59,7,5693
3834,59,142,1,2,5695
3835,1,-20,81,1,5696
3836,81,-53,28,0,5696
3837,28,-6,22,0,5696
3838,22,5,27,0,5696
3839,27,-95,32,1,5697
3840,32,14,46,0,5697
3841,46,43,89,0,5697
3842,89,11,0,1,5698
3843,0,-548,52,5,5703
3844,52,-52,0,1,5704
3845,0,-80,20,0,5704
3846,20,980,0,10,5714
3847,0,-68,32,0,5714
3848,32,89,21,1,5715
3849,21,-21,0,1,5716
3850,0,59,59,0,5716
3851,59,-32,27,0,5716
3852,27,73,0,1,5717
3853,0,1,1,0,5717
3854,1,-62,39,1,5718
3855,39,-239,0,3,5721
3856,0,18,18,0,5721
3857,18,-78,40,1,5722
3858,40,55,95,0,5722
3859,95,20,15,1,5723
3860,15,385,0,4,5727
3861,0,2,2,0,5727
3862,2,-2,0,1,5728
3863,0,835,35,8,5736
3864,35,-35,0,1,5737
3865,0,19,19,0,5737
3866,19,-63,56,1,5738
3867,56,644,0,7,5745
3868,0,949,49,9,5754
3869,49,-96,53,1,5755
3870,53,47,0,1,5756
3871,0,-171,29,1,5757
3872,29,71,0,1,5758
3873,0,77,77,0,5758
3874,77,-65,12,0,5758
3875,12,45,57,0,5758
3876,57,-130,27,1,5759
3877,27,-16,11,0,5759
3878,11,-11,0,1,5760
3879,0,-3,97,0,5760
3880,97,3,0,1,5761
3881,0,16,16,0,5761
3882,16,62,78,0,5761
3883,78,420,98,4,5765
3884,98,21,19,1,5766
3885,19,-19,0,1,5767
3886,0,85,85,0,5767
3887,85,15,0,1,5768
3888,0,56,56,0,5768
3889,56,50,6,1,5769
3890,6,94,0,1,5770
3891,0,-45,55,0,5770
3892,55,73,28,1,5771
3893,28,-66,62,1,5772
3894,62,-62,0,1,5773
3895,0,-21,79,0,5773
3896,79,-79,0,1,5774
3897,0,85,85,0,5774
3898,85,-75,10,0,5774
3899,10,90,0,1,5775
3900,0,81,81,0,5775
3901,81,25,6,1,5776
3902,6,77,83,0,5776
3903,83,-427,56,4,5780
3904,56,-86,70,1,5781
3905,70,30,0,1,5782
3906,0,247,47,2,5784
3907,47,78,25,1,5785
3908,25,47,72,0,5785
3909,72,-772,0,8,5793
3910,0,-96,4,0,5793
3911,4,296,0,3,5796
3912,0,5,5,0,5796
3913,5,31,36,0,5796
3914,36,-54,82,1,5797
3915,82,-1,81,0,5797
3916,81,-733,48,7,5804
3917,48,297,45,3,5807
3918,45,-45,0,1,5808
3919,0,57,57,0,5808
3920,57,-54,3,0,5808
3921,3,97,0,1,5809
3922,0,64,64,0,5809
3923,64,-25,39,0,5809
3924,39,74,13,1,5810
3925,13,-413,0,5,5815
3926,0,-5,95,0,5815
3927,95,537,32,6,5821
3928,32,-132,0,2,5823
3929,0,783,83,7,5830
3930,83,64,47,1,5831
3931,47,-334,13,3,5834
3932,13,87,0,1,5835
3933,0,-7,93,0,5835
3934,93,7,0,1,5836
3935,0,-1,99,0,5836
3936,99,96,95,1,5837
3937,95,-74,21,0,5837
3938,21,42,63,0,5837
3939,63,-72,91,1,5838
3940,91,89,80,1,5839
3941,80,-4,76,0,5839
3942,76,24,0,1,5840
3943,0,-18,82,0,5840
3944,82,-75,7,0,5840
3945,7,93,0,1,5841
3946,0,-50,50,0,5841
3947,50,-50,0,1,5842
3948,0,-35,65,0,5842
3949,65,-34,31,0,5842
3950,31,97,28,1,5843
3951,28,72,0,1,5844
3952,0,31,31,0,5844
3953,31,-29,2,0,5844
3954,2,98,0,1,5845
3955,0,74,74,0,5845
3956,74,-74,0,1,5846
3957,0,-2,98,0,5846
3958,98,-1,97,0,5846
3959,97,-7,90,0,5846
3960,90,10,0,1,5847
3961,0,70,70,0,5847
3962,70,30,0,1,5848
3963,0,10,10,0,5848
3964,10,-74,36,1,5849
3965,36,-93,43,1,5850
3966,43,57,0,1,5851
3967,0,-53,47,0,5851
3968,47,53,0,1,5852
3969,0,-45,55,0,5852
3970,55,45,0,1,5853
3971,0,-37,63,0,5853
3972,63,80,43,1,5854
3973,43,39,82,0,5854
3974,82,98,80,1,5855
3975,80,-61,19,0,5855
3976,19,-35,84,1,5856
3977,84,-12,72,0,5856
3978,72,-33,39,0,5856
3979,39,91,30,1,5857
3980,30,58,88,0,5857
3981,88,14,2,1,5858
3982,2,59,61,0,5858
3983,61,86,47,1,5859
3984,47,-47,0,1,5860
3985,0,-31,69,0,5860
3986,69,-24,45,0,5860
3987,45,-19,26,0,5860
3988,26,-39,87,1,5861
3989,87,-30,57,0,5861
3990,57,-8,49,0,5861
3991,49,-45,4,0,5861
3992,4,-32,72,1,5862
3993,72,49,21,1,5863
3994,21,-33,88,1,5864
3995,88,-32,56,0,5864
3996,56,-41,15,0,5864
3997,15,-11,4,0,5864
3998,4,-22,82,1,5865
3999,82,33,15,1,5866
4000,15,5,20,0,5866
4001,20,41,61,0,5866
4002,61,-17,44,0,5866
4003,44,31,75,0,5866
4004,75,43,18,1,5867
4005,18,32,50,0,5867
4006,50,38,88,0,5867
4007,88,-46,42,0,5867
4008,42,10,52,0,5867
4009,52,20,72,0,5867
4010,72,-27,45,0,5867
4011,45,-25,20,0,5867
4012,20,-46,74,1,5868
4013,74,-10,64,0,5868
4014,64,-47,17,0,5868
4015,17,-40,77,1,5869
4016,77,41,18,1,5870
4017,18,41,59,0,5870
4018,59,33,92,0,5870
4019,92,-50,42,0,5870
4020,42,-5,37,0,5870
4021,37,49,86,0,5870
4022,86,40,26,1,5871
4023,26,39,65,0,5871
4024,65,-33,32,0,5871
4025,32,49,81,0,5871
4026,81,-7,74,0,5871
4027,74,3,77,0,5871
4028,77,-43,34,0,5871
4029,34,13,47,0,5871
4030,47,50,97,0,5871
4031,97,41,38,1,5872
4032,38,-31,7,0,5872
4033,7,44,51,0,5872
4034,51,-24,27,0,5872
4035,27,10,37,0,5872
